RUBRO;MOC_ZONAS_ID;AÃ‘O;CUATRIMESTRE;NIVEL
BARES Y CAFES;4;2016;3;1
BARES Y CAFES;18;2016;1;1
BARES Y CAFES;20;2016;2;1
BARES Y CAFES;23;2016;2;1
BARES Y CAFES;24;2016;1;1
BARES Y CAFES;24;2016;2;1
BARES Y CAFES;25;2016;1;1
BARES Y CAFES;25;2016;2;1
BARES Y CAFES;27;2016;2;1
BARES Y CAFES;27;2016;3;1
BARES Y CAFES;28;2016;1;1
BARES Y CAFES;32;2016;2;1
BARES Y CAFES;33;2016;3;1
BARES Y CAFES;35;2016;3;1
BARES Y CAFES;41;2016;1;1
BARES Y CAFES;41;2016;3;1
BARES Y CAFES;46;2016;3;1
BARES Y CAFES;48;2016;3;1
BARES Y CAFES;49;2016;2;1
BARES Y CAFES;51;2016;1;1
BARES Y CAFES;51;2016;2;1
BARES Y CAFES;51;2016;3;1
BARES Y CAFES;52;2016;2;1
BARES Y CAFES;52;2016;3;1
BARES Y CAFES;53;2016;3;1
BARES Y CAFES;54;2016;1;1
BARES Y CAFES;54;2016;3;1
BARES Y CAFES;55;2016;1;1
BARES Y CAFES;55;2016;3;1
BARES Y CAFES;56;2016;3;1
BARES Y CAFES;58;2016;1;1
BARES Y CAFES;60;2016;1;1
BARES Y CAFES;60;2016;2;1
BARES Y CAFES;60;2016;3;1
BARES Y CAFES;61;2016;2;1
BARES Y CAFES;61;2016;3;1
BARES Y CAFES;63;2016;2;1
BARES Y CAFES;63;2016;3;1
BARES Y CAFES;66;2016;1;1
BARES Y CAFES;66;2016;2;1
BARES Y CAFES;66;2016;3;1
BARES Y CAFES;67;2016;1;1
BARES Y CAFES;67;2016;2;1
BARES Y CAFES;69;2016;2;1
BARES Y CAFES;69;2016;3;1
BARES Y CAFES;71;2016;2;1
BARES Y CAFES;73;2016;1;1
BARES Y CAFES;74;2016;2;1
BARES Y CAFES;74;2016;3;1
BARES Y CAFES;77;2016;1;1
BARES Y CAFES;77;2016;2;1
BARES Y CAFES;77;2016;3;2
BARES Y CAFES;78;2016;1;1
BARES Y CAFES;78;2016;2;1
BARES Y CAFES;78;2016;3;1
BARES Y CAFES;79;2016;2;1
BARES Y CAFES;84;2016;3;1
BARES Y CAFES;85;2016;3;1
BARES Y CAFES;87;2016;1;1
BARES Y CAFES;89;2016;3;1
BARES Y CAFES;94;2016;3;1
BARES Y CAFES;95;2016;1;1
BARES Y CAFES;102;2016;1;1
BARES Y CAFES;103;2016;2;1
BARES Y CAFES;103;2016;3;1
BARES Y CAFES;106;2016;1;1
BARES Y CAFES;106;2016;2;2
BARES Y CAFES;106;2016;3;1
BARES Y CAFES;108;2016;1;1
BARES Y CAFES;108;2016;3;1
BARES Y CAFES;111;2016;1;1
BARES Y CAFES;114;2016;3;1
BARES Y CAFES;115;2016;1;1
BARES Y CAFES;115;2016;2;1
BARES Y CAFES;116;2016;2;1
BARES Y CAFES;116;2016;3;1
BARES Y CAFES;117;2016;2;1
BARES Y CAFES;118;2016;2;2
BARES Y CAFES;118;2016;3;1
BARES Y CAFES;124;2016;2;1
BARES Y CAFES;126;2016;1;1
BARES Y CAFES;126;2016;3;1
BARES Y CAFES;127;2016;3;1
BARES Y CAFES;129;2016;1;1
BARES Y CAFES;129;2016;2;1
BARES Y CAFES;130;2016;1;1
BARES Y CAFES;130;2016;2;1
BARES Y CAFES;130;2016;3;1
BARES Y CAFES;131;2016;3;1
BARES Y CAFES;134;2016;1;1
BARES Y CAFES;136;2016;3;1
BARES Y CAFES;138;2016;2;1
BARES Y CAFES;139;2016;2;1
BARES Y CAFES;140;2016;1;1
BARES Y CAFES;140;2016;2;1
BARES Y CAFES;140;2016;3;1
BARES Y CAFES;141;2016;2;2
BARES Y CAFES;141;2016;3;2
BARES Y CAFES;142;2016;1;1
BARES Y CAFES;142;2016;2;1
BARES Y CAFES;142;2016;3;1
BARES Y CAFES;143;2016;2;1
BARES Y CAFES;149;2016;2;1
BARES Y CAFES;150;2016;1;1
BARES Y CAFES;151;2016;1;1
BARES Y CAFES;154;2016;2;1
BARES Y CAFES;155;2016;3;1
BARES Y CAFES;156;2016;3;1
BARES Y CAFES;157;2016;3;1
BARES Y CAFES;158;2016;1;1
BARES Y CAFES;159;2016;2;1
BARES Y CAFES;160;2016;1;1
BARES Y CAFES;160;2016;2;1
CARNES Y VERDURAS;3;2016;3;1
CARNES Y VERDURAS;15;2016;2;1
CARNES Y VERDURAS;16;2016;3;1
CARNES Y VERDURAS;17;2016;2;1
CARNES Y VERDURAS;17;2016;3;1
CARNES Y VERDURAS;19;2016;1;1
CARNES Y VERDURAS;19;2016;3;1
CARNES Y VERDURAS;20;2016;1;1
CARNES Y VERDURAS;20;2016;2;1
CARNES Y VERDURAS;22;2016;3;1
CARNES Y VERDURAS;23;2016;1;1
CARNES Y VERDURAS;25;2016;3;1
CARNES Y VERDURAS;32;2016;1;1
CARNES Y VERDURAS;32;2016;2;1
CARNES Y VERDURAS;33;2016;1;1
CARNES Y VERDURAS;33;2016;3;1
CARNES Y VERDURAS;35;2016;1;1
CARNES Y VERDURAS;42;2016;3;1
CARNES Y VERDURAS;51;2016;2;1
CARNES Y VERDURAS;55;2016;1;1
CARNES Y VERDURAS;60;2016;1;1
CARNES Y VERDURAS;60;2016;3;1
CARNES Y VERDURAS;63;2016;2;1
CARNES Y VERDURAS;66;2016;3;1
CARNES Y VERDURAS;67;2016;2;1
CARNES Y VERDURAS;68;2016;3;1
CARNES Y VERDURAS;72;2016;1;1
CARNES Y VERDURAS;72;2016;2;1
CARNES Y VERDURAS;76;2016;2;1
CARNES Y VERDURAS;76;2016;3;1
CARNES Y VERDURAS;79;2016;1;1
CARNES Y VERDURAS;79;2016;2;1
CARNES Y VERDURAS;80;2016;1;1
CARNES Y VERDURAS;80;2016;2;1
CARNES Y VERDURAS;82;2016;1;1
CARNES Y VERDURAS;82;2016;3;1
CARNES Y VERDURAS;84;2016;1;1
CARNES Y VERDURAS;84;2016;3;1
CARNES Y VERDURAS;87;2016;2;1
CARNES Y VERDURAS;87;2016;3;1
CARNES Y VERDURAS;88;2016;2;1
CARNES Y VERDURAS;89;2016;1;1
CARNES Y VERDURAS;89;2016;2;1
CARNES Y VERDURAS;95;2016;2;1
CARNES Y VERDURAS;97;2016;3;1
CARNES Y VERDURAS;98;2016;1;1
CARNES Y VERDURAS;98;2016;3;1
CARNES Y VERDURAS;101;2016;2;1
CARNES Y VERDURAS;103;2016;1;1
CARNES Y VERDURAS;108;2016;3;1
CARNES Y VERDURAS;110;2016;3;1
CARNES Y VERDURAS;113;2016;1;1
CARNES Y VERDURAS;113;2016;3;1
CARNES Y VERDURAS;116;2016;2;1
CARNES Y VERDURAS;126;2016;1;1
CARNES Y VERDURAS;133;2016;2;1
CARNES Y VERDURAS;140;2016;2;1
CARNES Y VERDURAS;140;2016;3;1
CARNES Y VERDURAS;141;2016;1;1
CARNES Y VERDURAS;143;2016;3;1
CARNES Y VERDURAS;146;2016;3;1
CARNES Y VERDURAS;150;2016;3;1
CARNES Y VERDURAS;152;2016;2;1
CARNES Y VERDURAS;156;2016;2;1
CARNES Y VERDURAS;158;2016;2;1
CARNES Y VERDURAS;159;2016;2;1
CARNES Y VERDURAS;160;2016;2;1
COMIDA AL PASO;1;2016;1;1
COMIDA AL PASO;1;2016;3;1
COMIDA AL PASO;9;2016;2;1
COMIDA AL PASO;10;2016;2;1
COMIDA AL PASO;10;2016;3;1
COMIDA AL PASO;12;2016;2;1
COMIDA AL PASO;16;2016;2;1
COMIDA AL PASO;16;2016;3;1
COMIDA AL PASO;17;2016;1;1
COMIDA AL PASO;17;2016;3;2
COMIDA AL PASO;18;2016;3;1
COMIDA AL PASO;20;2016;1;1
COMIDA AL PASO;20;2016;2;1
COMIDA AL PASO;20;2016;3;1
COMIDA AL PASO;21;2016;3;1
COMIDA AL PASO;22;2016;1;1
COMIDA AL PASO;22;2016;3;1
COMIDA AL PASO;23;2016;3;1
COMIDA AL PASO;25;2016;3;1
COMIDA AL PASO;26;2016;2;1
COMIDA AL PASO;26;2016;3;1
COMIDA AL PASO;27;2016;3;1
COMIDA AL PASO;28;2016;2;1
COMIDA AL PASO;30;2016;2;1
COMIDA AL PASO;30;2016;3;1
COMIDA AL PASO;31;2016;3;1
COMIDA AL PASO;32;2016;3;1
COMIDA AL PASO;33;2016;3;1
COMIDA AL PASO;34;2016;1;1
COMIDA AL PASO;35;2016;1;1
COMIDA AL PASO;36;2016;1;1
COMIDA AL PASO;37;2016;2;1
COMIDA AL PASO;37;2016;3;1
COMIDA AL PASO;41;2016;3;1
COMIDA AL PASO;45;2016;3;1
COMIDA AL PASO;46;2016;2;1
COMIDA AL PASO;49;2016;1;1
COMIDA AL PASO;51;2016;1;1
COMIDA AL PASO;51;2016;3;1
COMIDA AL PASO;53;2016;2;1
COMIDA AL PASO;54;2016;3;1
COMIDA AL PASO;55;2016;3;1
COMIDA AL PASO;59;2016;3;1
COMIDA AL PASO;60;2016;1;1
COMIDA AL PASO;60;2016;2;1
COMIDA AL PASO;60;2016;3;1
COMIDA AL PASO;61;2016;1;1
COMIDA AL PASO;61;2016;2;1
COMIDA AL PASO;61;2016;3;1
COMIDA AL PASO;63;2016;2;1
COMIDA AL PASO;66;2016;1;1
COMIDA AL PASO;66;2016;2;2
COMIDA AL PASO;66;2016;3;1
COMIDA AL PASO;67;2016;1;1
COMIDA AL PASO;67;2016;3;1
COMIDA AL PASO;68;2016;3;1
COMIDA AL PASO;69;2016;2;1
COMIDA AL PASO;69;2016;3;1
COMIDA AL PASO;70;2016;1;1
COMIDA AL PASO;70;2016;2;1
COMIDA AL PASO;72;2016;2;1
COMIDA AL PASO;72;2016;3;1
COMIDA AL PASO;74;2016;2;1
COMIDA AL PASO;76;2016;3;1
COMIDA AL PASO;77;2016;2;1
COMIDA AL PASO;77;2016;3;1
COMIDA AL PASO;78;2016;2;1
COMIDA AL PASO;78;2016;3;1
COMIDA AL PASO;79;2016;1;1
COMIDA AL PASO;79;2016;2;1
COMIDA AL PASO;87;2016;2;1
COMIDA AL PASO;88;2016;1;1
COMIDA AL PASO;88;2016;2;1
COMIDA AL PASO;88;2016;3;1
COMIDA AL PASO;89;2016;1;1
COMIDA AL PASO;90;2016;3;1
COMIDA AL PASO;94;2016;2;1
COMIDA AL PASO;94;2016;3;1
COMIDA AL PASO;95;2016;1;2
COMIDA AL PASO;95;2016;3;1
COMIDA AL PASO;96;2016;1;1
COMIDA AL PASO;96;2016;2;1
COMIDA AL PASO;101;2016;3;1
COMIDA AL PASO;103;2016;2;1
COMIDA AL PASO;105;2016;1;1
COMIDA AL PASO;105;2016;2;1
COMIDA AL PASO;106;2016;1;1
COMIDA AL PASO;106;2016;2;1
COMIDA AL PASO;106;2016;3;1
COMIDA AL PASO;108;2016;1;1
COMIDA AL PASO;110;2016;1;1
COMIDA AL PASO;111;2016;1;1
COMIDA AL PASO;111;2016;3;1
COMIDA AL PASO;112;2016;1;1
COMIDA AL PASO;112;2016;3;1
COMIDA AL PASO;114;2016;1;1
COMIDA AL PASO;114;2016;2;1
COMIDA AL PASO;114;2016;3;1
COMIDA AL PASO;115;2016;2;1
COMIDA AL PASO;116;2016;1;1
COMIDA AL PASO;116;2016;2;1
COMIDA AL PASO;116;2016;3;1
COMIDA AL PASO;117;2016;1;1
COMIDA AL PASO;117;2016;2;1
COMIDA AL PASO;118;2016;1;1
COMIDA AL PASO;118;2016;2;2
COMIDA AL PASO;125;2016;3;1
COMIDA AL PASO;129;2016;2;1
COMIDA AL PASO;131;2016;1;1
COMIDA AL PASO;134;2016;3;1
COMIDA AL PASO;135;2016;2;1
COMIDA AL PASO;135;2016;3;1
COMIDA AL PASO;139;2016;2;1
COMIDA AL PASO;140;2016;2;1
COMIDA AL PASO;140;2016;3;1
COMIDA AL PASO;141;2016;1;1
COMIDA AL PASO;141;2016;2;1
COMIDA AL PASO;141;2016;3;1
COMIDA AL PASO;142;2016;2;1
COMIDA AL PASO;142;2016;3;1
COMIDA AL PASO;143;2016;3;1
COMIDA AL PASO;146;2016;1;1
COMIDA AL PASO;146;2016;2;1
COMIDA AL PASO;147;2016;1;1
COMIDA AL PASO;148;2016;3;1
COMIDA AL PASO;149;2016;3;1
COMIDA AL PASO;150;2016;2;1
COMIDA AL PASO;152;2016;1;1
COMIDA AL PASO;152;2016;3;1
COMIDA AL PASO;155;2016;1;1
COMIDA AL PASO;155;2016;2;1
COMIDA AL PASO;156;2016;3;1
COMIDA AL PASO;157;2016;2;1
COMIDA AL PASO;158;2016;2;1
COMIDA AL PASO;159;2016;3;1
COMIDA AL PASO;160;2016;1;1
COMIDA AL PASO;160;2016;2;1
COMIDA AL PASO;160;2016;3;1
FERRETERIA Y CONSTRUCCION;6;2016;2;1
FERRETERIA Y CONSTRUCCION;7;2016;1;1
FERRETERIA Y CONSTRUCCION;7;2016;2;1
FERRETERIA Y CONSTRUCCION;9;2016;3;1
FERRETERIA Y CONSTRUCCION;10;2016;2;1
FERRETERIA Y CONSTRUCCION;11;2016;1;1
FERRETERIA Y CONSTRUCCION;11;2016;2;1
FERRETERIA Y CONSTRUCCION;16;2016;1;1
FERRETERIA Y CONSTRUCCION;16;2016;2;1
FERRETERIA Y CONSTRUCCION;16;2016;3;1
FERRETERIA Y CONSTRUCCION;17;2016;2;1
FERRETERIA Y CONSTRUCCION;17;2016;3;1
FERRETERIA Y CONSTRUCCION;19;2016;1;1
FERRETERIA Y CONSTRUCCION;20;2016;2;1
FERRETERIA Y CONSTRUCCION;21;2016;3;1
FERRETERIA Y CONSTRUCCION;24;2016;3;1
FERRETERIA Y CONSTRUCCION;25;2016;2;1
FERRETERIA Y CONSTRUCCION;25;2016;3;1
FERRETERIA Y CONSTRUCCION;26;2016;2;1
FERRETERIA Y CONSTRUCCION;27;2016;2;1
FERRETERIA Y CONSTRUCCION;27;2016;3;1
FERRETERIA Y CONSTRUCCION;28;2016;2;1
FERRETERIA Y CONSTRUCCION;28;2016;3;1
FERRETERIA Y CONSTRUCCION;30;2016;2;1
FERRETERIA Y CONSTRUCCION;31;2016;2;1
FERRETERIA Y CONSTRUCCION;32;2016;3;1
FERRETERIA Y CONSTRUCCION;33;2016;2;1
FERRETERIA Y CONSTRUCCION;34;2016;3;1
FERRETERIA Y CONSTRUCCION;35;2016;1;1
FERRETERIA Y CONSTRUCCION;35;2016;2;1
FERRETERIA Y CONSTRUCCION;35;2016;3;1
FERRETERIA Y CONSTRUCCION;36;2016;3;1
FERRETERIA Y CONSTRUCCION;39;2016;2;1
FERRETERIA Y CONSTRUCCION;41;2016;1;1
FERRETERIA Y CONSTRUCCION;43;2016;3;1
FERRETERIA Y CONSTRUCCION;44;2016;3;1
FERRETERIA Y CONSTRUCCION;46;2016;2;1
FERRETERIA Y CONSTRUCCION;46;2016;3;1
FERRETERIA Y CONSTRUCCION;47;2016;2;1
FERRETERIA Y CONSTRUCCION;48;2016;2;1
FERRETERIA Y CONSTRUCCION;48;2016;3;1
FERRETERIA Y CONSTRUCCION;50;2016;3;1
FERRETERIA Y CONSTRUCCION;51;2016;1;1
FERRETERIA Y CONSTRUCCION;51;2016;2;1
FERRETERIA Y CONSTRUCCION;51;2016;3;1
FERRETERIA Y CONSTRUCCION;52;2016;2;1
FERRETERIA Y CONSTRUCCION;53;2016;3;1
FERRETERIA Y CONSTRUCCION;55;2016;2;1
FERRETERIA Y CONSTRUCCION;55;2016;3;1
FERRETERIA Y CONSTRUCCION;57;2016;2;1
FERRETERIA Y CONSTRUCCION;58;2016;1;1
FERRETERIA Y CONSTRUCCION;58;2016;2;1
FERRETERIA Y CONSTRUCCION;58;2016;3;1
FERRETERIA Y CONSTRUCCION;59;2016;3;1
FERRETERIA Y CONSTRUCCION;61;2016;1;1
FERRETERIA Y CONSTRUCCION;65;2016;2;1
FERRETERIA Y CONSTRUCCION;65;2016;3;1
FERRETERIA Y CONSTRUCCION;68;2016;1;1
FERRETERIA Y CONSTRUCCION;68;2016;3;1
FERRETERIA Y CONSTRUCCION;69;2016;1;1
FERRETERIA Y CONSTRUCCION;72;2016;2;1
FERRETERIA Y CONSTRUCCION;73;2016;1;1
FERRETERIA Y CONSTRUCCION;74;2016;3;1
FERRETERIA Y CONSTRUCCION;75;2016;3;1
FERRETERIA Y CONSTRUCCION;76;2016;1;1
FERRETERIA Y CONSTRUCCION;77;2016;1;1
FERRETERIA Y CONSTRUCCION;77;2016;2;1
FERRETERIA Y CONSTRUCCION;78;2016;1;1
FERRETERIA Y CONSTRUCCION;78;2016;3;1
FERRETERIA Y CONSTRUCCION;79;2016;2;1
FERRETERIA Y CONSTRUCCION;80;2016;3;1
FERRETERIA Y CONSTRUCCION;81;2016;1;1
FERRETERIA Y CONSTRUCCION;81;2016;2;1
FERRETERIA Y CONSTRUCCION;82;2016;1;1
FERRETERIA Y CONSTRUCCION;82;2016;2;1
FERRETERIA Y CONSTRUCCION;82;2016;3;1
FERRETERIA Y CONSTRUCCION;83;2016;2;1
FERRETERIA Y CONSTRUCCION;83;2016;3;1
FERRETERIA Y CONSTRUCCION;84;2016;1;1
FERRETERIA Y CONSTRUCCION;87;2016;3;1
FERRETERIA Y CONSTRUCCION;89;2016;3;1
FERRETERIA Y CONSTRUCCION;90;2016;1;1
FERRETERIA Y CONSTRUCCION;91;2016;2;1
FERRETERIA Y CONSTRUCCION;92;2016;3;1
FERRETERIA Y CONSTRUCCION;93;2016;3;1
FERRETERIA Y CONSTRUCCION;94;2016;1;1
FERRETERIA Y CONSTRUCCION;94;2016;3;1
FERRETERIA Y CONSTRUCCION;95;2016;1;1
FERRETERIA Y CONSTRUCCION;96;2016;2;1
FERRETERIA Y CONSTRUCCION;97;2016;3;1
FERRETERIA Y CONSTRUCCION;98;2016;3;1
FERRETERIA Y CONSTRUCCION;99;2016;3;1
FERRETERIA Y CONSTRUCCION;100;2016;2;1
FERRETERIA Y CONSTRUCCION;101;2016;3;1
FERRETERIA Y CONSTRUCCION;102;2016;2;1
FERRETERIA Y CONSTRUCCION;102;2016;3;1
FERRETERIA Y CONSTRUCCION;106;2016;2;1
FERRETERIA Y CONSTRUCCION;108;2016;3;1
FERRETERIA Y CONSTRUCCION;109;2016;2;1
FERRETERIA Y CONSTRUCCION;110;2016;3;1
FERRETERIA Y CONSTRUCCION;113;2016;1;1
FERRETERIA Y CONSTRUCCION;113;2016;2;1
FERRETERIA Y CONSTRUCCION;114;2016;1;1
FERRETERIA Y CONSTRUCCION;114;2016;3;1
FERRETERIA Y CONSTRUCCION;115;2016;2;1
FERRETERIA Y CONSTRUCCION;116;2016;2;1
FERRETERIA Y CONSTRUCCION;118;2016;2;1
FERRETERIA Y CONSTRUCCION;118;2016;3;1
FERRETERIA Y CONSTRUCCION;119;2016;3;1
FERRETERIA Y CONSTRUCCION;122;2016;1;1
FERRETERIA Y CONSTRUCCION;122;2016;2;1
FERRETERIA Y CONSTRUCCION;124;2016;2;1
FERRETERIA Y CONSTRUCCION;125;2016;3;1
FERRETERIA Y CONSTRUCCION;126;2016;2;1
FERRETERIA Y CONSTRUCCION;126;2016;3;1
FERRETERIA Y CONSTRUCCION;127;2016;2;1
FERRETERIA Y CONSTRUCCION;128;2016;3;1
FERRETERIA Y CONSTRUCCION;129;2016;2;1
FERRETERIA Y CONSTRUCCION;130;2016;1;1
FERRETERIA Y CONSTRUCCION;130;2016;2;1
FERRETERIA Y CONSTRUCCION;131;2016;3;1
FERRETERIA Y CONSTRUCCION;132;2016;3;1
FERRETERIA Y CONSTRUCCION;135;2016;3;1
FERRETERIA Y CONSTRUCCION;136;2016;1;1
FERRETERIA Y CONSTRUCCION;136;2016;3;1
FERRETERIA Y CONSTRUCCION;137;2016;1;1
FERRETERIA Y CONSTRUCCION;138;2016;1;1
FERRETERIA Y CONSTRUCCION;138;2016;2;1
FERRETERIA Y CONSTRUCCION;139;2016;2;1
FERRETERIA Y CONSTRUCCION;139;2016;3;1
FERRETERIA Y CONSTRUCCION;140;2016;1;1
FERRETERIA Y CONSTRUCCION;140;2016;2;1
FERRETERIA Y CONSTRUCCION;140;2016;3;1
FERRETERIA Y CONSTRUCCION;141;2016;1;1
FERRETERIA Y CONSTRUCCION;141;2016;2;1
FERRETERIA Y CONSTRUCCION;141;2016;3;1
FERRETERIA Y CONSTRUCCION;142;2016;1;1
FERRETERIA Y CONSTRUCCION;143;2016;1;1
FERRETERIA Y CONSTRUCCION;143;2016;3;1
FERRETERIA Y CONSTRUCCION;145;2016;1;1
FERRETERIA Y CONSTRUCCION;146;2016;2;1
FERRETERIA Y CONSTRUCCION;146;2016;3;1
FERRETERIA Y CONSTRUCCION;147;2016;3;1
FERRETERIA Y CONSTRUCCION;148;2016;2;1
FERRETERIA Y CONSTRUCCION;149;2016;3;1
FERRETERIA Y CONSTRUCCION;150;2016;1;1
FERRETERIA Y CONSTRUCCION;151;2016;1;1
FERRETERIA Y CONSTRUCCION;151;2016;3;1
FERRETERIA Y CONSTRUCCION;152;2016;1;1
FERRETERIA Y CONSTRUCCION;152;2016;2;1
FERRETERIA Y CONSTRUCCION;152;2016;3;1
FERRETERIA Y CONSTRUCCION;153;2016;1;1
FERRETERIA Y CONSTRUCCION;155;2016;2;1
FERRETERIA Y CONSTRUCCION;156;2016;3;1
FERRETERIA Y CONSTRUCCION;157;2016;2;1
FERRETERIA Y CONSTRUCCION;157;2016;3;1
FERRETERIA Y CONSTRUCCION;158;2016;2;1
FERRETERIA Y CONSTRUCCION;160;2016;2;1
FIAMBRERIAS Y DIETETICAS;3;2016;1;1
FIAMBRERIAS Y DIETETICAS;7;2016;2;1
FIAMBRERIAS Y DIETETICAS;7;2016;3;1
FIAMBRERIAS Y DIETETICAS;9;2016;2;1
FIAMBRERIAS Y DIETETICAS;14;2016;3;1
FIAMBRERIAS Y DIETETICAS;16;2016;3;1
FIAMBRERIAS Y DIETETICAS;17;2016;2;1
FIAMBRERIAS Y DIETETICAS;20;2016;2;1
FIAMBRERIAS Y DIETETICAS;23;2016;1;1
FIAMBRERIAS Y DIETETICAS;23;2016;2;1
FIAMBRERIAS Y DIETETICAS;23;2016;3;1
FIAMBRERIAS Y DIETETICAS;24;2016;3;1
FIAMBRERIAS Y DIETETICAS;25;2016;2;1
FIAMBRERIAS Y DIETETICAS;26;2016;2;1
FIAMBRERIAS Y DIETETICAS;27;2016;2;1
FIAMBRERIAS Y DIETETICAS;28;2016;3;1
FIAMBRERIAS Y DIETETICAS;29;2016;2;1
FIAMBRERIAS Y DIETETICAS;33;2016;3;1
FIAMBRERIAS Y DIETETICAS;34;2016;2;1
FIAMBRERIAS Y DIETETICAS;35;2016;3;1
FIAMBRERIAS Y DIETETICAS;40;2016;3;1
FIAMBRERIAS Y DIETETICAS;45;2016;3;1
FIAMBRERIAS Y DIETETICAS;48;2016;1;1
FIAMBRERIAS Y DIETETICAS;49;2016;2;1
FIAMBRERIAS Y DIETETICAS;51;2016;3;1
FIAMBRERIAS Y DIETETICAS;53;2016;3;1
FIAMBRERIAS Y DIETETICAS;56;2016;3;1
FIAMBRERIAS Y DIETETICAS;59;2016;3;1
FIAMBRERIAS Y DIETETICAS;60;2016;3;1
FIAMBRERIAS Y DIETETICAS;63;2016;1;1
FIAMBRERIAS Y DIETETICAS;63;2016;2;1
FIAMBRERIAS Y DIETETICAS;64;2016;2;1
FIAMBRERIAS Y DIETETICAS;66;2016;2;1
FIAMBRERIAS Y DIETETICAS;71;2016;2;1
FIAMBRERIAS Y DIETETICAS;72;2016;3;1
FIAMBRERIAS Y DIETETICAS;74;2016;1;1
FIAMBRERIAS Y DIETETICAS;75;2016;1;1
FIAMBRERIAS Y DIETETICAS;76;2016;2;1
FIAMBRERIAS Y DIETETICAS;77;2016;3;1
FIAMBRERIAS Y DIETETICAS;79;2016;1;1
FIAMBRERIAS Y DIETETICAS;79;2016;3;1
FIAMBRERIAS Y DIETETICAS;80;2016;1;1
FIAMBRERIAS Y DIETETICAS;80;2016;3;1
FIAMBRERIAS Y DIETETICAS;82;2016;2;1
FIAMBRERIAS Y DIETETICAS;85;2016;1;1
FIAMBRERIAS Y DIETETICAS;88;2016;2;1
FIAMBRERIAS Y DIETETICAS;89;2016;2;1
FIAMBRERIAS Y DIETETICAS;91;2016;2;1
FIAMBRERIAS Y DIETETICAS;94;2016;3;1
FIAMBRERIAS Y DIETETICAS;97;2016;2;1
FIAMBRERIAS Y DIETETICAS;99;2016;2;1
FIAMBRERIAS Y DIETETICAS;101;2016;2;1
FIAMBRERIAS Y DIETETICAS;103;2016;2;1
FIAMBRERIAS Y DIETETICAS;103;2016;3;1
FIAMBRERIAS Y DIETETICAS;105;2016;1;1
FIAMBRERIAS Y DIETETICAS;106;2016;2;1
FIAMBRERIAS Y DIETETICAS;108;2016;2;1
FIAMBRERIAS Y DIETETICAS;108;2016;3;1
FIAMBRERIAS Y DIETETICAS;111;2016;1;1
FIAMBRERIAS Y DIETETICAS;112;2016;3;1
FIAMBRERIAS Y DIETETICAS;113;2016;3;1
FIAMBRERIAS Y DIETETICAS;115;2016;2;1
FIAMBRERIAS Y DIETETICAS;116;2016;3;1
FIAMBRERIAS Y DIETETICAS;118;2016;2;1
FIAMBRERIAS Y DIETETICAS;123;2016;1;1
FIAMBRERIAS Y DIETETICAS;124;2016;2;1
FIAMBRERIAS Y DIETETICAS;125;2016;3;1
FIAMBRERIAS Y DIETETICAS;126;2016;2;1
FIAMBRERIAS Y DIETETICAS;131;2016;2;1
FIAMBRERIAS Y DIETETICAS;132;2016;1;1
FIAMBRERIAS Y DIETETICAS;134;2016;1;1
FIAMBRERIAS Y DIETETICAS;137;2016;2;1
FIAMBRERIAS Y DIETETICAS;138;2016;1;1
FIAMBRERIAS Y DIETETICAS;138;2016;3;1
FIAMBRERIAS Y DIETETICAS;141;2016;2;1
FIAMBRERIAS Y DIETETICAS;141;2016;3;1
FIAMBRERIAS Y DIETETICAS;144;2016;1;1
FIAMBRERIAS Y DIETETICAS;149;2016;3;1
FIAMBRERIAS Y DIETETICAS;150;2016;1;1
FIAMBRERIAS Y DIETETICAS;151;2016;2;1
FIAMBRERIAS Y DIETETICAS;152;2016;2;1
FIAMBRERIAS Y DIETETICAS;153;2016;3;1
FIAMBRERIAS Y DIETETICAS;154;2016;2;1
FIAMBRERIAS Y DIETETICAS;159;2016;1;1
FIAMBRERIAS Y DIETETICAS;160;2016;2;1
FIAMBRERIAS Y DIETETICAS;160;2016;3;1
FIAMBRERIAS Y DIETETICAS;161;2016;2;1
HELADERIAS;16;2016;2;1
HELADERIAS;61;2016;1;1
HELADERIAS;66;2016;1;1
HELADERIAS;90;2016;3;1
HELADERIAS;96;2016;1;1
HELADERIAS;104;2016;3;1
HELADERIAS;106;2016;1;1
HELADERIAS;125;2016;3;1
HELADERIAS;138;2016;1;1
HELADERIAS;140;2016;3;1
HELADERIAS;144;2016;1;1
HELADERIAS;155;2016;3;1
HELADERIAS;158;2016;1;1
INDUMENTARIA;1;2016;3;1
INDUMENTARIA;3;2016;1;1
INDUMENTARIA;4;2016;1;1
INDUMENTARIA;4;2016;2;1
INDUMENTARIA;4;2016;3;1
INDUMENTARIA;6;2016;2;1
INDUMENTARIA;7;2016;1;1
INDUMENTARIA;7;2016;3;1
INDUMENTARIA;9;2016;2;1
INDUMENTARIA;9;2016;3;1
INDUMENTARIA;11;2016;2;1
INDUMENTARIA;12;2016;2;1
INDUMENTARIA;13;2016;1;1
INDUMENTARIA;13;2016;3;1
INDUMENTARIA;14;2016;3;1
INDUMENTARIA;15;2016;1;1
INDUMENTARIA;15;2016;2;2
INDUMENTARIA;16;2016;1;2
INDUMENTARIA;16;2016;2;1
INDUMENTARIA;16;2016;3;2
INDUMENTARIA;17;2016;1;2
INDUMENTARIA;17;2016;2;1
INDUMENTARIA;17;2016;3;1
INDUMENTARIA;18;2016;1;1
INDUMENTARIA;19;2016;3;1
INDUMENTARIA;20;2016;1;1
INDUMENTARIA;20;2016;2;2
INDUMENTARIA;20;2016;3;1
INDUMENTARIA;22;2016;1;1
INDUMENTARIA;22;2016;2;2
INDUMENTARIA;23;2016;1;1
INDUMENTARIA;23;2016;2;1
INDUMENTARIA;23;2016;3;1
INDUMENTARIA;24;2016;1;1
INDUMENTARIA;24;2016;2;1
INDUMENTARIA;24;2016;3;1
INDUMENTARIA;25;2016;1;1
INDUMENTARIA;25;2016;2;1
INDUMENTARIA;25;2016;3;1
INDUMENTARIA;26;2016;1;1
INDUMENTARIA;26;2016;2;1
INDUMENTARIA;26;2016;3;1
INDUMENTARIA;27;2016;1;1
INDUMENTARIA;27;2016;2;1
INDUMENTARIA;27;2016;3;1
INDUMENTARIA;28;2016;1;1
INDUMENTARIA;28;2016;2;1
INDUMENTARIA;28;2016;3;1
INDUMENTARIA;29;2016;1;1
INDUMENTARIA;30;2016;1;1
INDUMENTARIA;30;2016;2;1
INDUMENTARIA;30;2016;3;1
INDUMENTARIA;31;2016;1;1
INDUMENTARIA;31;2016;2;1
INDUMENTARIA;31;2016;3;1
INDUMENTARIA;32;2016;3;1
INDUMENTARIA;33;2016;2;2
INDUMENTARIA;33;2016;3;1
INDUMENTARIA;34;2016;3;1
INDUMENTARIA;35;2016;1;1
INDUMENTARIA;35;2016;3;1
INDUMENTARIA;36;2016;2;1
INDUMENTARIA;36;2016;3;1
INDUMENTARIA;38;2016;3;1
INDUMENTARIA;39;2016;2;1
INDUMENTARIA;39;2016;3;1
INDUMENTARIA;40;2016;1;1
INDUMENTARIA;40;2016;2;1
INDUMENTARIA;40;2016;3;2
INDUMENTARIA;41;2016;1;1
INDUMENTARIA;41;2016;2;2
INDUMENTARIA;42;2016;1;1
INDUMENTARIA;43;2016;2;1
INDUMENTARIA;43;2016;3;1
INDUMENTARIA;44;2016;1;1
INDUMENTARIA;44;2016;3;1
INDUMENTARIA;45;2016;1;1
INDUMENTARIA;45;2016;2;1
INDUMENTARIA;45;2016;3;1
INDUMENTARIA;46;2016;3;1
INDUMENTARIA;47;2016;1;1
INDUMENTARIA;47;2016;2;1
INDUMENTARIA;47;2016;3;1
INDUMENTARIA;48;2016;1;1
INDUMENTARIA;48;2016;2;2
INDUMENTARIA;48;2016;3;1
INDUMENTARIA;49;2016;1;1
INDUMENTARIA;49;2016;2;1
INDUMENTARIA;50;2016;1;1
INDUMENTARIA;51;2016;1;1
INDUMENTARIA;51;2016;2;1
INDUMENTARIA;51;2016;3;1
INDUMENTARIA;53;2016;2;1
INDUMENTARIA;54;2016;1;1
INDUMENTARIA;55;2016;1;1
INDUMENTARIA;55;2016;2;1
INDUMENTARIA;55;2016;3;1
INDUMENTARIA;56;2016;1;1
INDUMENTARIA;56;2016;2;1
INDUMENTARIA;57;2016;1;1
INDUMENTARIA;57;2016;2;1
INDUMENTARIA;57;2016;3;1
INDUMENTARIA;58;2016;1;1
INDUMENTARIA;58;2016;2;2
INDUMENTARIA;58;2016;3;1
INDUMENTARIA;59;2016;1;1
INDUMENTARIA;59;2016;2;1
INDUMENTARIA;60;2016;1;2
INDUMENTARIA;60;2016;2;2
INDUMENTARIA;60;2016;3;4
INDUMENTARIA;61;2016;1;2
INDUMENTARIA;61;2016;3;1
INDUMENTARIA;62;2016;2;1
INDUMENTARIA;63;2016;1;1
INDUMENTARIA;63;2016;2;1
INDUMENTARIA;63;2016;3;1
INDUMENTARIA;64;2016;2;1
INDUMENTARIA;64;2016;3;2
INDUMENTARIA;65;2016;2;1
INDUMENTARIA;66;2016;1;2
INDUMENTARIA;66;2016;2;2
INDUMENTARIA;66;2016;3;3
INDUMENTARIA;67;2016;1;1
INDUMENTARIA;67;2016;2;1
INDUMENTARIA;67;2016;3;1
INDUMENTARIA;68;2016;1;2
INDUMENTARIA;68;2016;2;2
INDUMENTARIA;68;2016;3;4
INDUMENTARIA;69;2016;1;1
INDUMENTARIA;69;2016;2;2
INDUMENTARIA;69;2016;3;1
INDUMENTARIA;70;2016;1;1
INDUMENTARIA;71;2016;3;1
INDUMENTARIA;72;2016;1;1
INDUMENTARIA;72;2016;2;1
INDUMENTARIA;72;2016;3;1
INDUMENTARIA;73;2016;1;1
INDUMENTARIA;73;2016;2;2
INDUMENTARIA;73;2016;3;1
INDUMENTARIA;74;2016;1;3
INDUMENTARIA;74;2016;2;2
INDUMENTARIA;74;2016;3;5
INDUMENTARIA;75;2016;2;1
INDUMENTARIA;75;2016;3;1
INDUMENTARIA;76;2016;1;1
INDUMENTARIA;76;2016;2;1
INDUMENTARIA;76;2016;3;1
INDUMENTARIA;77;2016;1;1
INDUMENTARIA;77;2016;2;1
INDUMENTARIA;77;2016;3;1
INDUMENTARIA;78;2016;1;1
INDUMENTARIA;78;2016;2;2
INDUMENTARIA;78;2016;3;3
INDUMENTARIA;79;2016;1;2
INDUMENTARIA;79;2016;2;2
INDUMENTARIA;79;2016;3;1
INDUMENTARIA;80;2016;2;1
INDUMENTARIA;80;2016;3;1
INDUMENTARIA;82;2016;1;1
INDUMENTARIA;82;2016;2;1
INDUMENTARIA;82;2016;3;1
INDUMENTARIA;83;2016;1;1
INDUMENTARIA;83;2016;2;1
INDUMENTARIA;83;2016;3;1
INDUMENTARIA;84;2016;1;1
INDUMENTARIA;85;2016;1;1
INDUMENTARIA;85;2016;2;1
INDUMENTARIA;87;2016;1;1
INDUMENTARIA;87;2016;2;2
INDUMENTARIA;87;2016;3;1
INDUMENTARIA;88;2016;1;1
INDUMENTARIA;88;2016;2;1
INDUMENTARIA;88;2016;3;1
INDUMENTARIA;89;2016;3;1
INDUMENTARIA;90;2016;1;1
INDUMENTARIA;90;2016;2;1
INDUMENTARIA;90;2016;3;1
INDUMENTARIA;91;2016;1;1
INDUMENTARIA;91;2016;2;1
INDUMENTARIA;91;2016;3;1
INDUMENTARIA;92;2016;3;1
INDUMENTARIA;93;2016;1;1
INDUMENTARIA;93;2016;3;1
INDUMENTARIA;94;2016;1;1
INDUMENTARIA;94;2016;2;1
INDUMENTARIA;94;2016;3;2
INDUMENTARIA;96;2016;1;1
INDUMENTARIA;96;2016;2;2
INDUMENTARIA;97;2016;1;1
INDUMENTARIA;97;2016;3;1
INDUMENTARIA;98;2016;1;1
INDUMENTARIA;100;2016;1;1
INDUMENTARIA;100;2016;2;1
INDUMENTARIA;100;2016;3;1
INDUMENTARIA;101;2016;2;1
INDUMENTARIA;101;2016;3;1
INDUMENTARIA;102;2016;1;1
INDUMENTARIA;102;2016;3;2
INDUMENTARIA;103;2016;1;1
INDUMENTARIA;103;2016;2;1
INDUMENTARIA;103;2016;3;1
INDUMENTARIA;104;2016;2;1
INDUMENTARIA;104;2016;3;1
INDUMENTARIA;105;2016;1;1
INDUMENTARIA;105;2016;2;1
INDUMENTARIA;106;2016;1;3
INDUMENTARIA;106;2016;2;2
INDUMENTARIA;106;2016;3;5
INDUMENTARIA;107;2016;1;1
INDUMENTARIA;107;2016;3;1
INDUMENTARIA;108;2016;2;1
INDUMENTARIA;110;2016;2;1
INDUMENTARIA;110;2016;3;1
INDUMENTARIA;111;2016;1;1
INDUMENTARIA;111;2016;2;1
INDUMENTARIA;111;2016;3;1
INDUMENTARIA;112;2016;1;1
INDUMENTARIA;112;2016;2;1
INDUMENTARIA;112;2016;3;1
INDUMENTARIA;113;2016;1;1
INDUMENTARIA;113;2016;3;1
INDUMENTARIA;114;2016;1;2
INDUMENTARIA;114;2016;2;1
INDUMENTARIA;114;2016;3;1
INDUMENTARIA;115;2016;1;1
INDUMENTARIA;115;2016;2;1
INDUMENTARIA;115;2016;3;1
INDUMENTARIA;116;2016;1;1
INDUMENTARIA;116;2016;3;1
INDUMENTARIA;117;2016;1;1
INDUMENTARIA;117;2016;2;1
INDUMENTARIA;117;2016;3;1
INDUMENTARIA;118;2016;1;1
INDUMENTARIA;118;2016;2;3
INDUMENTARIA;118;2016;3;1
INDUMENTARIA;119;2016;2;1
INDUMENTARIA;119;2016;3;1
INDUMENTARIA;120;2016;2;1
INDUMENTARIA;120;2016;3;1
INDUMENTARIA;121;2016;1;1
INDUMENTARIA;121;2016;2;1
INDUMENTARIA;123;2016;1;2
INDUMENTARIA;123;2016;3;1
INDUMENTARIA;124;2016;1;1
INDUMENTARIA;124;2016;2;1
INDUMENTARIA;125;2016;1;1
INDUMENTARIA;125;2016;3;1
INDUMENTARIA;126;2016;1;3
INDUMENTARIA;126;2016;2;1
INDUMENTARIA;126;2016;3;1
INDUMENTARIA;127;2016;1;2
INDUMENTARIA;127;2016;2;1
INDUMENTARIA;127;2016;3;1
INDUMENTARIA;129;2016;1;1
INDUMENTARIA;129;2016;2;1
INDUMENTARIA;129;2016;3;2
INDUMENTARIA;130;2016;1;2
INDUMENTARIA;130;2016;2;2
INDUMENTARIA;130;2016;3;1
INDUMENTARIA;131;2016;1;1
INDUMENTARIA;131;2016;3;1
INDUMENTARIA;132;2016;1;1
INDUMENTARIA;132;2016;2;1
INDUMENTARIA;133;2016;1;1
INDUMENTARIA;133;2016;2;1
INDUMENTARIA;133;2016;3;1
INDUMENTARIA;134;2016;1;1
INDUMENTARIA;134;2016;3;1
INDUMENTARIA;135;2016;1;1
INDUMENTARIA;135;2016;2;1
INDUMENTARIA;135;2016;3;1
INDUMENTARIA;137;2016;1;1
INDUMENTARIA;137;2016;3;1
INDUMENTARIA;138;2016;2;1
INDUMENTARIA;139;2016;1;1
INDUMENTARIA;139;2016;2;1
INDUMENTARIA;140;2016;1;2
INDUMENTARIA;140;2016;2;1
INDUMENTARIA;140;2016;3;2
INDUMENTARIA;141;2016;1;3
INDUMENTARIA;141;2016;2;2
INDUMENTARIA;141;2016;3;2
INDUMENTARIA;142;2016;1;2
INDUMENTARIA;142;2016;2;1
INDUMENTARIA;142;2016;3;1
INDUMENTARIA;143;2016;1;1
INDUMENTARIA;143;2016;2;1
INDUMENTARIA;143;2016;3;1
INDUMENTARIA;144;2016;1;1
INDUMENTARIA;144;2016;2;1
INDUMENTARIA;145;2016;1;1
INDUMENTARIA;145;2016;2;1
INDUMENTARIA;145;2016;3;1
INDUMENTARIA;146;2016;1;1
INDUMENTARIA;146;2016;2;1
INDUMENTARIA;146;2016;3;1
INDUMENTARIA;147;2016;2;1
INDUMENTARIA;149;2016;1;1
INDUMENTARIA;149;2016;2;1
INDUMENTARIA;149;2016;3;1
INDUMENTARIA;150;2016;1;1
INDUMENTARIA;150;2016;2;1
INDUMENTARIA;150;2016;3;1
INDUMENTARIA;151;2016;1;4
INDUMENTARIA;151;2016;2;5
INDUMENTARIA;151;2016;3;4
INDUMENTARIA;152;2016;1;5
INDUMENTARIA;152;2016;2;5
INDUMENTARIA;152;2016;3;4
INDUMENTARIA;153;2016;2;1
INDUMENTARIA;154;2016;1;1
INDUMENTARIA;156;2016;2;1
INDUMENTARIA;157;2016;1;1
INDUMENTARIA;158;2016;2;1
INDUMENTARIA;159;2016;1;1
INDUMENTARIA;159;2016;2;2
INDUMENTARIA;159;2016;3;1
INDUMENTARIA;160;2016;1;1
INDUMENTARIA;160;2016;2;3
INDUMENTARIA;160;2016;3;1
INDUMENTARIA;161;2016;3;1
INSTITUCIONES DEPORTIVAS;11;2016;1;1
INSTITUCIONES DEPORTIVAS;15;2016;2;1
INSTITUCIONES DEPORTIVAS;16;2016;3;1
INSTITUCIONES DEPORTIVAS;18;2016;3;1
INSTITUCIONES DEPORTIVAS;19;2016;1;1
INSTITUCIONES DEPORTIVAS;19;2016;3;1
INSTITUCIONES DEPORTIVAS;24;2016;2;1
INSTITUCIONES DEPORTIVAS;24;2016;3;1
INSTITUCIONES DEPORTIVAS;30;2016;3;1
INSTITUCIONES DEPORTIVAS;34;2016;1;1
INSTITUCIONES DEPORTIVAS;39;2016;3;1
INSTITUCIONES DEPORTIVAS;42;2016;2;1
INSTITUCIONES DEPORTIVAS;44;2016;1;1
INSTITUCIONES DEPORTIVAS;48;2016;1;1
INSTITUCIONES DEPORTIVAS;48;2016;3;1
INSTITUCIONES DEPORTIVAS;51;2016;1;1
INSTITUCIONES DEPORTIVAS;52;2016;3;1
INSTITUCIONES DEPORTIVAS;55;2016;3;1
INSTITUCIONES DEPORTIVAS;60;2016;1;1
INSTITUCIONES DEPORTIVAS;60;2016;2;1
INSTITUCIONES DEPORTIVAS;61;2016;1;1
INSTITUCIONES DEPORTIVAS;61;2016;2;1
INSTITUCIONES DEPORTIVAS;66;2016;1;1
INSTITUCIONES DEPORTIVAS;69;2016;2;1
INSTITUCIONES DEPORTIVAS;73;2016;2;1
INSTITUCIONES DEPORTIVAS;74;2016;1;1
INSTITUCIONES DEPORTIVAS;77;2016;1;1
INSTITUCIONES DEPORTIVAS;79;2016;2;1
INSTITUCIONES DEPORTIVAS;84;2016;2;1
INSTITUCIONES DEPORTIVAS;89;2016;2;1
INSTITUCIONES DEPORTIVAS;96;2016;2;1
INSTITUCIONES DEPORTIVAS;101;2016;1;1
INSTITUCIONES DEPORTIVAS;101;2016;2;1
INSTITUCIONES DEPORTIVAS;103;2016;3;1
INSTITUCIONES DEPORTIVAS;105;2016;2;1
INSTITUCIONES DEPORTIVAS;106;2016;2;1
INSTITUCIONES DEPORTIVAS;115;2016;1;1
INSTITUCIONES DEPORTIVAS;115;2016;2;1
INSTITUCIONES DEPORTIVAS;115;2016;3;1
INSTITUCIONES DEPORTIVAS;116;2016;1;1
INSTITUCIONES DEPORTIVAS;118;2016;3;1
INSTITUCIONES DEPORTIVAS;125;2016;2;1
INSTITUCIONES DEPORTIVAS;127;2016;1;1
INSTITUCIONES DEPORTIVAS;130;2016;2;1
INSTITUCIONES DEPORTIVAS;135;2016;3;1
INSTITUCIONES DEPORTIVAS;141;2016;2;1
INSTITUCIONES DEPORTIVAS;141;2016;3;1
INSTITUCIONES DEPORTIVAS;146;2016;1;1
INSTITUCIONES DEPORTIVAS;147;2016;3;1
INSTITUCIONES DEPORTIVAS;153;2016;2;1
INSTITUCIONES DEPORTIVAS;155;2016;1;1
INSTITUCIONES DEPORTIVAS;159;2016;2;1
INSTITUCIONES DEPORTIVAS;160;2016;3;1
INSUMOS PARA EL HOGAR;1;2016;3;1
INSUMOS PARA EL HOGAR;6;2016;2;1
INSUMOS PARA EL HOGAR;10;2016;2;1
INSUMOS PARA EL HOGAR;15;2016;3;1
INSUMOS PARA EL HOGAR;22;2016;2;1
INSUMOS PARA EL HOGAR;27;2016;1;1
INSUMOS PARA EL HOGAR;30;2016;2;1
INSUMOS PARA EL HOGAR;33;2016;2;1
INSUMOS PARA EL HOGAR;34;2016;3;1
INSUMOS PARA EL HOGAR;35;2016;2;1
INSUMOS PARA EL HOGAR;36;2016;2;1
INSUMOS PARA EL HOGAR;39;2016;3;1
INSUMOS PARA EL HOGAR;43;2016;2;1
INSUMOS PARA EL HOGAR;46;2016;3;1
INSUMOS PARA EL HOGAR;50;2016;3;1
INSUMOS PARA EL HOGAR;51;2016;1;1
INSUMOS PARA EL HOGAR;53;2016;2;1
INSUMOS PARA EL HOGAR;54;2016;2;1
INSUMOS PARA EL HOGAR;60;2016;1;1
INSUMOS PARA EL HOGAR;60;2016;3;1
INSUMOS PARA EL HOGAR;61;2016;2;1
INSUMOS PARA EL HOGAR;61;2016;3;1
INSUMOS PARA EL HOGAR;63;2016;2;1
INSUMOS PARA EL HOGAR;66;2016;2;1
INSUMOS PARA EL HOGAR;66;2016;3;1
INSUMOS PARA EL HOGAR;67;2016;3;1
INSUMOS PARA EL HOGAR;68;2016;1;1
INSUMOS PARA EL HOGAR;68;2016;2;1
INSUMOS PARA EL HOGAR;68;2016;3;1
INSUMOS PARA EL HOGAR;69;2016;3;1
INSUMOS PARA EL HOGAR;72;2016;3;1
INSUMOS PARA EL HOGAR;76;2016;1;1
INSUMOS PARA EL HOGAR;76;2016;2;1
INSUMOS PARA EL HOGAR;77;2016;1;1
INSUMOS PARA EL HOGAR;77;2016;3;1
INSUMOS PARA EL HOGAR;78;2016;3;1
INSUMOS PARA EL HOGAR;79;2016;3;1
INSUMOS PARA EL HOGAR;80;2016;2;1
INSUMOS PARA EL HOGAR;81;2016;3;1
INSUMOS PARA EL HOGAR;84;2016;1;1
INSUMOS PARA EL HOGAR;84;2016;3;1
INSUMOS PARA EL HOGAR;87;2016;1;1
INSUMOS PARA EL HOGAR;87;2016;2;1
INSUMOS PARA EL HOGAR;87;2016;3;1
INSUMOS PARA EL HOGAR;89;2016;2;1
INSUMOS PARA EL HOGAR;94;2016;2;1
INSUMOS PARA EL HOGAR;95;2016;2;1
INSUMOS PARA EL HOGAR;96;2016;2;1
INSUMOS PARA EL HOGAR;98;2016;1;1
INSUMOS PARA EL HOGAR;99;2016;3;1
INSUMOS PARA EL HOGAR;102;2016;1;1
INSUMOS PARA EL HOGAR;102;2016;2;1
INSUMOS PARA EL HOGAR;104;2016;1;1
INSUMOS PARA EL HOGAR;109;2016;2;1
INSUMOS PARA EL HOGAR;110;2016;3;1
INSUMOS PARA EL HOGAR;111;2016;1;1
INSUMOS PARA EL HOGAR;112;2016;1;1
INSUMOS PARA EL HOGAR;112;2016;3;1
INSUMOS PARA EL HOGAR;113;2016;2;1
INSUMOS PARA EL HOGAR;117;2016;1;1
INSUMOS PARA EL HOGAR;117;2016;2;1
INSUMOS PARA EL HOGAR;124;2016;2;1
INSUMOS PARA EL HOGAR;126;2016;1;1
INSUMOS PARA EL HOGAR;126;2016;2;1
INSUMOS PARA EL HOGAR;127;2016;3;1
INSUMOS PARA EL HOGAR;128;2016;1;1
INSUMOS PARA EL HOGAR;130;2016;2;1
INSUMOS PARA EL HOGAR;132;2016;3;1
INSUMOS PARA EL HOGAR;135;2016;2;1
INSUMOS PARA EL HOGAR;139;2016;3;1
INSUMOS PARA EL HOGAR;140;2016;1;1
INSUMOS PARA EL HOGAR;141;2016;3;1
INSUMOS PARA EL HOGAR;142;2016;1;1
INSUMOS PARA EL HOGAR;142;2016;2;1
INSUMOS PARA EL HOGAR;147;2016;3;1
INSUMOS PARA EL HOGAR;152;2016;3;1
INSUMOS PARA EL HOGAR;155;2016;3;1
INSUMOS PARA EL HOGAR;158;2016;2;1
INSUMOS PARA EL HOGAR;161;2016;1;1
KIOSCOS Y LOTERIAS;4;2016;3;1
KIOSCOS Y LOTERIAS;9;2016;1;1
KIOSCOS Y LOTERIAS;11;2016;1;1
KIOSCOS Y LOTERIAS;12;2016;3;1
KIOSCOS Y LOTERIAS;13;2016;2;1
KIOSCOS Y LOTERIAS;16;2016;3;1
KIOSCOS Y LOTERIAS;17;2016;2;1
KIOSCOS Y LOTERIAS;19;2016;3;1
KIOSCOS Y LOTERIAS;20;2016;1;1
KIOSCOS Y LOTERIAS;20;2016;2;1
KIOSCOS Y LOTERIAS;20;2016;3;1
KIOSCOS Y LOTERIAS;24;2016;2;1
KIOSCOS Y LOTERIAS;25;2016;2;1
KIOSCOS Y LOTERIAS;30;2016;3;1
KIOSCOS Y LOTERIAS;32;2016;3;1
KIOSCOS Y LOTERIAS;33;2016;1;1
KIOSCOS Y LOTERIAS;34;2016;3;1
KIOSCOS Y LOTERIAS;35;2016;1;1
KIOSCOS Y LOTERIAS;36;2016;3;1
KIOSCOS Y LOTERIAS;40;2016;1;1
KIOSCOS Y LOTERIAS;40;2016;2;1
KIOSCOS Y LOTERIAS;41;2016;1;1
KIOSCOS Y LOTERIAS;41;2016;3;1
KIOSCOS Y LOTERIAS;44;2016;1;1
KIOSCOS Y LOTERIAS;45;2016;1;1
KIOSCOS Y LOTERIAS;46;2016;2;1
KIOSCOS Y LOTERIAS;46;2016;3;1
KIOSCOS Y LOTERIAS;48;2016;2;1
KIOSCOS Y LOTERIAS;49;2016;2;1
KIOSCOS Y LOTERIAS;49;2016;3;1
KIOSCOS Y LOTERIAS;50;2016;3;1
KIOSCOS Y LOTERIAS;51;2016;2;1
KIOSCOS Y LOTERIAS;51;2016;3;1
KIOSCOS Y LOTERIAS;53;2016;1;1
KIOSCOS Y LOTERIAS;53;2016;2;1
KIOSCOS Y LOTERIAS;53;2016;3;1
KIOSCOS Y LOTERIAS;54;2016;1;1
KIOSCOS Y LOTERIAS;54;2016;3;1
KIOSCOS Y LOTERIAS;55;2016;3;1
KIOSCOS Y LOTERIAS;57;2016;1;1
KIOSCOS Y LOTERIAS;60;2016;1;1
KIOSCOS Y LOTERIAS;60;2016;2;1
KIOSCOS Y LOTERIAS;60;2016;3;2
KIOSCOS Y LOTERIAS;61;2016;2;1
KIOSCOS Y LOTERIAS;63;2016;2;1
KIOSCOS Y LOTERIAS;65;2016;3;1
KIOSCOS Y LOTERIAS;66;2016;3;1
KIOSCOS Y LOTERIAS;67;2016;1;2
KIOSCOS Y LOTERIAS;67;2016;2;1
KIOSCOS Y LOTERIAS;67;2016;3;1
KIOSCOS Y LOTERIAS;68;2016;1;1
KIOSCOS Y LOTERIAS;69;2016;3;1
KIOSCOS Y LOTERIAS;73;2016;1;1
KIOSCOS Y LOTERIAS;74;2016;1;1
KIOSCOS Y LOTERIAS;75;2016;2;1
KIOSCOS Y LOTERIAS;76;2016;2;1
KIOSCOS Y LOTERIAS;77;2016;1;1
KIOSCOS Y LOTERIAS;78;2016;1;1
KIOSCOS Y LOTERIAS;78;2016;3;1
KIOSCOS Y LOTERIAS;79;2016;2;1
KIOSCOS Y LOTERIAS;79;2016;3;1
KIOSCOS Y LOTERIAS;80;2016;2;1
KIOSCOS Y LOTERIAS;81;2016;2;1
KIOSCOS Y LOTERIAS;82;2016;1;1
KIOSCOS Y LOTERIAS;82;2016;3;1
KIOSCOS Y LOTERIAS;87;2016;2;1
KIOSCOS Y LOTERIAS;88;2016;2;1
KIOSCOS Y LOTERIAS;88;2016;3;1
KIOSCOS Y LOTERIAS;91;2016;1;1
KIOSCOS Y LOTERIAS;94;2016;2;1
KIOSCOS Y LOTERIAS;94;2016;3;1
KIOSCOS Y LOTERIAS;95;2016;2;1
KIOSCOS Y LOTERIAS;95;2016;3;1
KIOSCOS Y LOTERIAS;96;2016;2;1
KIOSCOS Y LOTERIAS;100;2016;2;1
KIOSCOS Y LOTERIAS;101;2016;2;1
KIOSCOS Y LOTERIAS;101;2016;3;1
KIOSCOS Y LOTERIAS;102;2016;3;1
KIOSCOS Y LOTERIAS;103;2016;1;1
KIOSCOS Y LOTERIAS;103;2016;3;1
KIOSCOS Y LOTERIAS;104;2016;1;1
KIOSCOS Y LOTERIAS;106;2016;2;1
KIOSCOS Y LOTERIAS;106;2016;3;1
KIOSCOS Y LOTERIAS;108;2016;1;1
KIOSCOS Y LOTERIAS;108;2016;2;1
KIOSCOS Y LOTERIAS;113;2016;2;1
KIOSCOS Y LOTERIAS;114;2016;3;1
KIOSCOS Y LOTERIAS;115;2016;3;1
KIOSCOS Y LOTERIAS;118;2016;2;1
KIOSCOS Y LOTERIAS;118;2016;3;1
KIOSCOS Y LOTERIAS;119;2016;2;1
KIOSCOS Y LOTERIAS;120;2016;2;1
KIOSCOS Y LOTERIAS;122;2016;3;1
KIOSCOS Y LOTERIAS;123;2016;2;1
KIOSCOS Y LOTERIAS;125;2016;3;1
KIOSCOS Y LOTERIAS;129;2016;1;1
KIOSCOS Y LOTERIAS;129;2016;2;1
KIOSCOS Y LOTERIAS;129;2016;3;1
KIOSCOS Y LOTERIAS;130;2016;3;1
KIOSCOS Y LOTERIAS;131;2016;3;1
KIOSCOS Y LOTERIAS;135;2016;1;1
KIOSCOS Y LOTERIAS;136;2016;2;1
KIOSCOS Y LOTERIAS;137;2016;1;1
KIOSCOS Y LOTERIAS;137;2016;3;1
KIOSCOS Y LOTERIAS;138;2016;1;1
KIOSCOS Y LOTERIAS;140;2016;1;1
KIOSCOS Y LOTERIAS;140;2016;3;1
KIOSCOS Y LOTERIAS;141;2016;2;1
KIOSCOS Y LOTERIAS;141;2016;3;1
KIOSCOS Y LOTERIAS;142;2016;2;1
KIOSCOS Y LOTERIAS;143;2016;2;1
KIOSCOS Y LOTERIAS;145;2016;1;1
KIOSCOS Y LOTERIAS;145;2016;2;1
KIOSCOS Y LOTERIAS;146;2016;1;1
KIOSCOS Y LOTERIAS;146;2016;2;1
KIOSCOS Y LOTERIAS;146;2016;3;1
KIOSCOS Y LOTERIAS;147;2016;3;1
KIOSCOS Y LOTERIAS;149;2016;2;1
KIOSCOS Y LOTERIAS;150;2016;1;1
KIOSCOS Y LOTERIAS;151;2016;1;1
KIOSCOS Y LOTERIAS;151;2016;2;1
KIOSCOS Y LOTERIAS;152;2016;2;1
KIOSCOS Y LOTERIAS;153;2016;1;1
KIOSCOS Y LOTERIAS;155;2016;1;1
KIOSCOS Y LOTERIAS;155;2016;2;1
KIOSCOS Y LOTERIAS;157;2016;2;1
KIOSCOS Y LOTERIAS;158;2016;2;1
KIOSCOS Y LOTERIAS;158;2016;3;1
KIOSCOS Y LOTERIAS;159;2016;1;1
KIOSCOS Y LOTERIAS;160;2016;1;1
KIOSCOS Y LOTERIAS;160;2016;2;1
KIOSCOS Y LOTERIAS;160;2016;3;1
MUSICA Y LIBRERIA;1;2016;3;1
MUSICA Y LIBRERIA;4;2016;2;1
MUSICA Y LIBRERIA;6;2016;3;1
MUSICA Y LIBRERIA;7;2016;3;1
MUSICA Y LIBRERIA;9;2016;1;1
MUSICA Y LIBRERIA;11;2016;2;1
MUSICA Y LIBRERIA;16;2016;1;1
MUSICA Y LIBRERIA;19;2016;2;1
MUSICA Y LIBRERIA;20;2016;1;1
MUSICA Y LIBRERIA;21;2016;1;1
MUSICA Y LIBRERIA;21;2016;3;1
MUSICA Y LIBRERIA;22;2016;1;1
MUSICA Y LIBRERIA;22;2016;2;1
MUSICA Y LIBRERIA;22;2016;3;1
MUSICA Y LIBRERIA;23;2016;3;1
MUSICA Y LIBRERIA;24;2016;2;1
MUSICA Y LIBRERIA;25;2016;3;1
MUSICA Y LIBRERIA;26;2016;3;1
MUSICA Y LIBRERIA;27;2016;2;1
MUSICA Y LIBRERIA;27;2016;3;1
MUSICA Y LIBRERIA;28;2016;2;1
MUSICA Y LIBRERIA;30;2016;3;1
MUSICA Y LIBRERIA;33;2016;2;1
MUSICA Y LIBRERIA;34;2016;1;1
MUSICA Y LIBRERIA;34;2016;2;1
MUSICA Y LIBRERIA;34;2016;3;1
MUSICA Y LIBRERIA;35;2016;2;1
MUSICA Y LIBRERIA;39;2016;3;1
MUSICA Y LIBRERIA;40;2016;3;1
MUSICA Y LIBRERIA;41;2016;2;1
MUSICA Y LIBRERIA;43;2016;2;1
MUSICA Y LIBRERIA;43;2016;3;1
MUSICA Y LIBRERIA;44;2016;2;1
MUSICA Y LIBRERIA;46;2016;1;1
MUSICA Y LIBRERIA;48;2016;1;1
MUSICA Y LIBRERIA;51;2016;2;1
MUSICA Y LIBRERIA;51;2016;3;1
MUSICA Y LIBRERIA;53;2016;1;1
MUSICA Y LIBRERIA;53;2016;2;1
MUSICA Y LIBRERIA;53;2016;3;1
MUSICA Y LIBRERIA;54;2016;2;1
MUSICA Y LIBRERIA;55;2016;1;1
MUSICA Y LIBRERIA;55;2016;2;1
MUSICA Y LIBRERIA;55;2016;3;1
MUSICA Y LIBRERIA;56;2016;3;1
MUSICA Y LIBRERIA;58;2016;1;1
MUSICA Y LIBRERIA;58;2016;3;1
MUSICA Y LIBRERIA;60;2016;1;1
MUSICA Y LIBRERIA;60;2016;2;1
MUSICA Y LIBRERIA;60;2016;3;1
MUSICA Y LIBRERIA;63;2016;2;1
MUSICA Y LIBRERIA;64;2016;2;1
MUSICA Y LIBRERIA;66;2016;1;1
MUSICA Y LIBRERIA;66;2016;3;1
MUSICA Y LIBRERIA;67;2016;1;1
MUSICA Y LIBRERIA;67;2016;3;1
MUSICA Y LIBRERIA;69;2016;1;1
MUSICA Y LIBRERIA;69;2016;2;1
MUSICA Y LIBRERIA;70;2016;2;1
MUSICA Y LIBRERIA;71;2016;2;1
MUSICA Y LIBRERIA;72;2016;1;1
MUSICA Y LIBRERIA;73;2016;1;1
MUSICA Y LIBRERIA;73;2016;2;1
MUSICA Y LIBRERIA;75;2016;3;1
MUSICA Y LIBRERIA;76;2016;1;1
MUSICA Y LIBRERIA;78;2016;3;1
MUSICA Y LIBRERIA;79;2016;3;1
MUSICA Y LIBRERIA;82;2016;2;1
MUSICA Y LIBRERIA;82;2016;3;1
MUSICA Y LIBRERIA;83;2016;1;1
MUSICA Y LIBRERIA;83;2016;2;1
MUSICA Y LIBRERIA;84;2016;1;1
MUSICA Y LIBRERIA;84;2016;3;1
MUSICA Y LIBRERIA;87;2016;1;1
MUSICA Y LIBRERIA;89;2016;1;1
MUSICA Y LIBRERIA;90;2016;1;1
MUSICA Y LIBRERIA;90;2016;3;1
MUSICA Y LIBRERIA;91;2016;3;1
MUSICA Y LIBRERIA;92;2016;1;1
MUSICA Y LIBRERIA;93;2016;1;1
MUSICA Y LIBRERIA;93;2016;2;1
MUSICA Y LIBRERIA;94;2016;1;1
MUSICA Y LIBRERIA;94;2016;3;1
MUSICA Y LIBRERIA;95;2016;1;1
MUSICA Y LIBRERIA;95;2016;2;1
MUSICA Y LIBRERIA;96;2016;2;1
MUSICA Y LIBRERIA;96;2016;3;1
MUSICA Y LIBRERIA;99;2016;3;1
MUSICA Y LIBRERIA;101;2016;1;1
MUSICA Y LIBRERIA;102;2016;1;1
MUSICA Y LIBRERIA;102;2016;2;1
MUSICA Y LIBRERIA;103;2016;3;1
MUSICA Y LIBRERIA;105;2016;3;1
MUSICA Y LIBRERIA;106;2016;1;1
MUSICA Y LIBRERIA;106;2016;2;1
MUSICA Y LIBRERIA;106;2016;3;1
MUSICA Y LIBRERIA;107;2016;1;1
MUSICA Y LIBRERIA;107;2016;2;1
MUSICA Y LIBRERIA;108;2016;2;1
MUSICA Y LIBRERIA;108;2016;3;1
MUSICA Y LIBRERIA;109;2016;3;1
MUSICA Y LIBRERIA;110;2016;1;1
MUSICA Y LIBRERIA;110;2016;2;1
MUSICA Y LIBRERIA;111;2016;2;1
MUSICA Y LIBRERIA;111;2016;3;1
MUSICA Y LIBRERIA;113;2016;1;1
MUSICA Y LIBRERIA;115;2016;2;1
MUSICA Y LIBRERIA;116;2016;3;1
MUSICA Y LIBRERIA;117;2016;1;1
MUSICA Y LIBRERIA;117;2016;3;1
MUSICA Y LIBRERIA;118;2016;1;1
MUSICA Y LIBRERIA;118;2016;2;1
MUSICA Y LIBRERIA;118;2016;3;2
MUSICA Y LIBRERIA;120;2016;3;1
MUSICA Y LIBRERIA;124;2016;1;1
MUSICA Y LIBRERIA;124;2016;3;1
MUSICA Y LIBRERIA;126;2016;1;1
MUSICA Y LIBRERIA;126;2016;2;1
MUSICA Y LIBRERIA;126;2016;3;1
MUSICA Y LIBRERIA;127;2016;1;1
MUSICA Y LIBRERIA;127;2016;3;1
MUSICA Y LIBRERIA;128;2016;2;1
MUSICA Y LIBRERIA;128;2016;3;1
MUSICA Y LIBRERIA;129;2016;3;1
MUSICA Y LIBRERIA;131;2016;2;1
MUSICA Y LIBRERIA;133;2016;2;1
MUSICA Y LIBRERIA;134;2016;3;1
MUSICA Y LIBRERIA;135;2016;1;1
MUSICA Y LIBRERIA;135;2016;2;1
MUSICA Y LIBRERIA;135;2016;3;1
MUSICA Y LIBRERIA;136;2016;3;1
MUSICA Y LIBRERIA;139;2016;2;1
MUSICA Y LIBRERIA;140;2016;2;1
MUSICA Y LIBRERIA;140;2016;3;1
MUSICA Y LIBRERIA;141;2016;1;1
MUSICA Y LIBRERIA;141;2016;2;1
MUSICA Y LIBRERIA;143;2016;1;1
MUSICA Y LIBRERIA;145;2016;2;1
MUSICA Y LIBRERIA;146;2016;3;1
MUSICA Y LIBRERIA;147;2016;1;1
MUSICA Y LIBRERIA;147;2016;2;1
MUSICA Y LIBRERIA;149;2016;1;1
MUSICA Y LIBRERIA;149;2016;3;1
MUSICA Y LIBRERIA;151;2016;3;1
MUSICA Y LIBRERIA;152;2016;2;1
MUSICA Y LIBRERIA;154;2016;3;1
MUSICA Y LIBRERIA;155;2016;2;1
MUSICA Y LIBRERIA;156;2016;3;1
MUSICA Y LIBRERIA;157;2016;1;1
MUSICA Y LIBRERIA;157;2016;2;1
MUSICA Y LIBRERIA;157;2016;3;1
MUSICA Y LIBRERIA;159;2016;2;1
MUSICA Y LIBRERIA;159;2016;3;1
MUSICA Y LIBRERIA;160;2016;2;1
MUSICA Y LIBRERIA;160;2016;3;1
OPTICA Y JOYERIAS;1;2016;1;1
OPTICA Y JOYERIAS;1;2016;2;1
OPTICA Y JOYERIAS;4;2016;1;1
OPTICA Y JOYERIAS;6;2016;3;1
OPTICA Y JOYERIAS;9;2016;1;1
OPTICA Y JOYERIAS;16;2016;2;1
OPTICA Y JOYERIAS;16;2016;3;1
OPTICA Y JOYERIAS;18;2016;2;1
OPTICA Y JOYERIAS;20;2016;1;1
OPTICA Y JOYERIAS;20;2016;2;1
OPTICA Y JOYERIAS;22;2016;1;1
OPTICA Y JOYERIAS;22;2016;3;1
OPTICA Y JOYERIAS;23;2016;2;1
OPTICA Y JOYERIAS;24;2016;2;1
OPTICA Y JOYERIAS;28;2016;1;1
OPTICA Y JOYERIAS;28;2016;2;1
OPTICA Y JOYERIAS;28;2016;3;1
OPTICA Y JOYERIAS;30;2016;1;1
OPTICA Y JOYERIAS;31;2016;2;1
OPTICA Y JOYERIAS;31;2016;3;1
OPTICA Y JOYERIAS;33;2016;1;2
OPTICA Y JOYERIAS;33;2016;3;1
OPTICA Y JOYERIAS;34;2016;1;1
OPTICA Y JOYERIAS;34;2016;2;1
OPTICA Y JOYERIAS;34;2016;3;1
OPTICA Y JOYERIAS;40;2016;1;1
OPTICA Y JOYERIAS;40;2016;3;1
OPTICA Y JOYERIAS;41;2016;1;1
OPTICA Y JOYERIAS;42;2016;3;1
OPTICA Y JOYERIAS;43;2016;1;1
OPTICA Y JOYERIAS;45;2016;1;1
OPTICA Y JOYERIAS;46;2016;2;1
OPTICA Y JOYERIAS;47;2016;2;1
OPTICA Y JOYERIAS;48;2016;1;1
OPTICA Y JOYERIAS;48;2016;2;1
OPTICA Y JOYERIAS;51;2016;1;1
OPTICA Y JOYERIAS;51;2016;2;3
OPTICA Y JOYERIAS;51;2016;3;1
OPTICA Y JOYERIAS;52;2016;2;1
OPTICA Y JOYERIAS;56;2016;3;1
OPTICA Y JOYERIAS;57;2016;1;1
OPTICA Y JOYERIAS;59;2016;1;1
OPTICA Y JOYERIAS;60;2016;1;2
OPTICA Y JOYERIAS;60;2016;2;2
OPTICA Y JOYERIAS;60;2016;3;1
OPTICA Y JOYERIAS;61;2016;3;1
OPTICA Y JOYERIAS;62;2016;2;1
OPTICA Y JOYERIAS;63;2016;1;1
OPTICA Y JOYERIAS;64;2016;2;1
OPTICA Y JOYERIAS;66;2016;1;1
OPTICA Y JOYERIAS;66;2016;3;1
OPTICA Y JOYERIAS;67;2016;1;1
OPTICA Y JOYERIAS;67;2016;3;1
OPTICA Y JOYERIAS;68;2016;1;1
OPTICA Y JOYERIAS;68;2016;2;1
OPTICA Y JOYERIAS;68;2016;3;1
OPTICA Y JOYERIAS;71;2016;2;1
OPTICA Y JOYERIAS;72;2016;2;1
OPTICA Y JOYERIAS;72;2016;3;1
OPTICA Y JOYERIAS;73;2016;1;1
OPTICA Y JOYERIAS;74;2016;1;1
OPTICA Y JOYERIAS;74;2016;3;1
OPTICA Y JOYERIAS;76;2016;1;1
OPTICA Y JOYERIAS;78;2016;1;1
OPTICA Y JOYERIAS;78;2016;3;1
OPTICA Y JOYERIAS;79;2016;1;1
OPTICA Y JOYERIAS;79;2016;2;1
OPTICA Y JOYERIAS;80;2016;1;1
OPTICA Y JOYERIAS;82;2016;3;1
OPTICA Y JOYERIAS;83;2016;2;1
OPTICA Y JOYERIAS;85;2016;1;1
OPTICA Y JOYERIAS;86;2016;3;1
OPTICA Y JOYERIAS;87;2016;3;1
OPTICA Y JOYERIAS;88;2016;1;1
OPTICA Y JOYERIAS;88;2016;2;1
OPTICA Y JOYERIAS;88;2016;3;1
OPTICA Y JOYERIAS;89;2016;2;1
OPTICA Y JOYERIAS;89;2016;3;1
OPTICA Y JOYERIAS;91;2016;3;1
OPTICA Y JOYERIAS;94;2016;2;1
OPTICA Y JOYERIAS;95;2016;2;1
OPTICA Y JOYERIAS;95;2016;3;1
OPTICA Y JOYERIAS;96;2016;1;1
OPTICA Y JOYERIAS;96;2016;2;1
OPTICA Y JOYERIAS;97;2016;3;1
OPTICA Y JOYERIAS;99;2016;3;1
OPTICA Y JOYERIAS;102;2016;3;1
OPTICA Y JOYERIAS;103;2016;2;1
OPTICA Y JOYERIAS;105;2016;3;1
OPTICA Y JOYERIAS;106;2016;1;1
OPTICA Y JOYERIAS;106;2016;2;1
OPTICA Y JOYERIAS;106;2016;3;2
OPTICA Y JOYERIAS;108;2016;1;1
OPTICA Y JOYERIAS;109;2016;1;1
OPTICA Y JOYERIAS;110;2016;3;1
OPTICA Y JOYERIAS;112;2016;2;1
OPTICA Y JOYERIAS;112;2016;3;1
OPTICA Y JOYERIAS;113;2016;2;1
OPTICA Y JOYERIAS;114;2016;2;1
OPTICA Y JOYERIAS;116;2016;2;1
OPTICA Y JOYERIAS;117;2016;1;1
OPTICA Y JOYERIAS;117;2016;3;1
OPTICA Y JOYERIAS;118;2016;1;1
OPTICA Y JOYERIAS;118;2016;2;1
OPTICA Y JOYERIAS;118;2016;3;1
OPTICA Y JOYERIAS;122;2016;1;1
OPTICA Y JOYERIAS;122;2016;2;1
OPTICA Y JOYERIAS;122;2016;3;1
OPTICA Y JOYERIAS;125;2016;3;1
OPTICA Y JOYERIAS;126;2016;1;1
OPTICA Y JOYERIAS;126;2016;2;1
OPTICA Y JOYERIAS;126;2016;3;1
OPTICA Y JOYERIAS;130;2016;1;1
OPTICA Y JOYERIAS;130;2016;2;1
OPTICA Y JOYERIAS;131;2016;1;1
OPTICA Y JOYERIAS;131;2016;3;1
OPTICA Y JOYERIAS;132;2016;3;1
OPTICA Y JOYERIAS;133;2016;2;1
OPTICA Y JOYERIAS;133;2016;3;1
OPTICA Y JOYERIAS;134;2016;3;1
OPTICA Y JOYERIAS;135;2016;2;1
OPTICA Y JOYERIAS;135;2016;3;1
OPTICA Y JOYERIAS;137;2016;2;1
OPTICA Y JOYERIAS;137;2016;3;1
OPTICA Y JOYERIAS;138;2016;3;1
OPTICA Y JOYERIAS;140;2016;2;1
OPTICA Y JOYERIAS;140;2016;3;2
OPTICA Y JOYERIAS;141;2016;1;1
OPTICA Y JOYERIAS;141;2016;3;1
OPTICA Y JOYERIAS;142;2016;2;1
OPTICA Y JOYERIAS;143;2016;3;1
OPTICA Y JOYERIAS;144;2016;1;1
OPTICA Y JOYERIAS;146;2016;1;1
OPTICA Y JOYERIAS;146;2016;3;1
OPTICA Y JOYERIAS;147;2016;2;1
OPTICA Y JOYERIAS;148;2016;1;1
OPTICA Y JOYERIAS;148;2016;3;1
OPTICA Y JOYERIAS;149;2016;1;1
OPTICA Y JOYERIAS;149;2016;2;1
OPTICA Y JOYERIAS;149;2016;3;1
OPTICA Y JOYERIAS;150;2016;2;1
OPTICA Y JOYERIAS;150;2016;3;1
OPTICA Y JOYERIAS;151;2016;2;1
OPTICA Y JOYERIAS;151;2016;3;1
OPTICA Y JOYERIAS;152;2016;3;1
OPTICA Y JOYERIAS;155;2016;1;1
OPTICA Y JOYERIAS;156;2016;3;1
OPTICA Y JOYERIAS;157;2016;3;1
OPTICA Y JOYERIAS;158;2016;3;1
OPTICA Y JOYERIAS;159;2016;2;1
OPTICA Y JOYERIAS;159;2016;3;2
OPTICA Y JOYERIAS;161;2016;2;1
OPTICA Y JOYERIAS;161;2016;3;1
PANADERIAS;4;2016;3;1
PANADERIAS;11;2016;3;1
PANADERIAS;16;2016;1;1
PANADERIAS;21;2016;2;1
PANADERIAS;23;2016;3;1
PANADERIAS;24;2016;3;1
PANADERIAS;25;2016;2;1
PANADERIAS;27;2016;3;1
PANADERIAS;28;2016;1;1
PANADERIAS;30;2016;3;1
PANADERIAS;33;2016;2;1
PANADERIAS;40;2016;2;1
PANADERIAS;40;2016;3;1
PANADERIAS;45;2016;2;1
PANADERIAS;46;2016;2;1
PANADERIAS;50;2016;1;1
PANADERIAS;58;2016;3;1
PANADERIAS;59;2016;1;1
PANADERIAS;59;2016;3;1
PANADERIAS;60;2016;1;1
PANADERIAS;60;2016;3;1
PANADERIAS;64;2016;3;1
PANADERIAS;66;2016;2;1
PANADERIAS;67;2016;1;1
PANADERIAS;69;2016;1;1
PANADERIAS;69;2016;2;1
PANADERIAS;69;2016;3;1
PANADERIAS;71;2016;2;1
PANADERIAS;74;2016;2;1
PANADERIAS;77;2016;3;1
PANADERIAS;79;2016;1;1
PANADERIAS;79;2016;2;1
PANADERIAS;81;2016;2;1
PANADERIAS;85;2016;1;1
PANADERIAS;87;2016;2;1
PANADERIAS;89;2016;1;1
PANADERIAS;94;2016;2;1
PANADERIAS;95;2016;3;1
PANADERIAS;97;2016;1;1
PANADERIAS;98;2016;1;1
PANADERIAS;101;2016;1;1
PANADERIAS;101;2016;2;1
PANADERIAS;102;2016;1;1
PANADERIAS;102;2016;2;1
PANADERIAS;104;2016;3;1
PANADERIAS;106;2016;3;1
PANADERIAS;107;2016;2;1
PANADERIAS;108;2016;3;1
PANADERIAS;110;2016;1;1
PANADERIAS;110;2016;2;1
PANADERIAS;110;2016;3;1
PANADERIAS;111;2016;1;1
PANADERIAS;117;2016;1;1
PANADERIAS;118;2016;2;1
PANADERIAS;118;2016;3;1
PANADERIAS;121;2016;3;1
PANADERIAS;124;2016;3;1
PANADERIAS;130;2016;1;1
PANADERIAS;133;2016;3;1
PANADERIAS;135;2016;3;1
PANADERIAS;140;2016;2;1
PANADERIAS;142;2016;3;1
PANADERIAS;146;2016;3;1
PANADERIAS;151;2016;2;1
PANADERIAS;152;2016;2;1
PANADERIAS;154;2016;3;1
PANADERIAS;157;2016;1;1
PANADERIAS;161;2016;2;1
RESTAURANTES;1;2016;1;1
RESTAURANTES;3;2016;3;1
RESTAURANTES;10;2016;1;1
RESTAURANTES;15;2016;2;1
RESTAURANTES;20;2016;2;1
RESTAURANTES;23;2016;3;1
RESTAURANTES;24;2016;2;1
RESTAURANTES;26;2016;1;1
RESTAURANTES;28;2016;1;1
RESTAURANTES;30;2016;3;1
RESTAURANTES;31;2016;2;1
RESTAURANTES;33;2016;1;1
RESTAURANTES;33;2016;3;1
RESTAURANTES;34;2016;1;1
RESTAURANTES;34;2016;2;1
RESTAURANTES;39;2016;3;1
RESTAURANTES;41;2016;2;1
RESTAURANTES;48;2016;1;1
RESTAURANTES;51;2016;2;1
RESTAURANTES;51;2016;3;1
RESTAURANTES;52;2016;3;1
RESTAURANTES;53;2016;3;1
RESTAURANTES;55;2016;2;1
RESTAURANTES;55;2016;3;1
RESTAURANTES;58;2016;3;1
RESTAURANTES;60;2016;1;1
RESTAURANTES;60;2016;2;1
RESTAURANTES;60;2016;3;2
RESTAURANTES;61;2016;2;1
RESTAURANTES;66;2016;1;1
RESTAURANTES;66;2016;2;1
RESTAURANTES;66;2016;3;2
RESTAURANTES;67;2016;2;1
RESTAURANTES;67;2016;3;1
RESTAURANTES;69;2016;2;1
RESTAURANTES;69;2016;3;1
RESTAURANTES;72;2016;2;1
RESTAURANTES;72;2016;3;1
RESTAURANTES;77;2016;1;1
RESTAURANTES;77;2016;2;1
RESTAURANTES;77;2016;3;1
RESTAURANTES;78;2016;3;1
RESTAURANTES;80;2016;1;1
RESTAURANTES;83;2016;3;1
RESTAURANTES;87;2016;1;1
RESTAURANTES;90;2016;2;1
RESTAURANTES;91;2016;3;1
RESTAURANTES;94;2016;3;1
RESTAURANTES;95;2016;2;1
RESTAURANTES;99;2016;2;1
RESTAURANTES;100;2016;3;1
RESTAURANTES;101;2016;3;1
RESTAURANTES;105;2016;2;1
RESTAURANTES;114;2016;1;1
RESTAURANTES;115;2016;1;1
RESTAURANTES;115;2016;2;1
RESTAURANTES;116;2016;3;1
RESTAURANTES;118;2016;1;1
RESTAURANTES;118;2016;2;1
RESTAURANTES;118;2016;3;1
RESTAURANTES;126;2016;2;1
RESTAURANTES;127;2016;2;1
RESTAURANTES;129;2016;2;1
RESTAURANTES;129;2016;3;1
RESTAURANTES;130;2016;1;1
RESTAURANTES;130;2016;2;1
RESTAURANTES;137;2016;3;1
RESTAURANTES;141;2016;1;1
RESTAURANTES;141;2016;2;1
RESTAURANTES;141;2016;3;1
RESTAURANTES;147;2016;3;1
RESTAURANTES;151;2016;2;1
RESTAURANTES;152;2016;2;1
RESTAURANTES;152;2016;3;1
RESTAURANTES;154;2016;3;1
RESTAURANTES;155;2016;1;1
RESTAURANTES;155;2016;3;1
RESTAURANTES;157;2016;2;1
RESTAURANTES;157;2016;3;1
RESTAURANTES;160;2016;1;1
RESTAURANTES;160;2016;2;1
SALUD Y COSMETICA;4;2016;1;1
SALUD Y COSMETICA;10;2016;3;1
SALUD Y COSMETICA;11;2016;2;1
SALUD Y COSMETICA;11;2016;3;1
SALUD Y COSMETICA;15;2016;1;1
SALUD Y COSMETICA;16;2016;1;1
SALUD Y COSMETICA;16;2016;3;1
SALUD Y COSMETICA;17;2016;2;1
SALUD Y COSMETICA;18;2016;2;1
SALUD Y COSMETICA;18;2016;3;1
SALUD Y COSMETICA;20;2016;2;1
SALUD Y COSMETICA;20;2016;3;1
SALUD Y COSMETICA;21;2016;1;1
SALUD Y COSMETICA;21;2016;3;1
SALUD Y COSMETICA;22;2016;3;1
SALUD Y COSMETICA;23;2016;1;1
SALUD Y COSMETICA;23;2016;2;1
SALUD Y COSMETICA;23;2016;3;1
SALUD Y COSMETICA;24;2016;1;1
SALUD Y COSMETICA;24;2016;2;1
SALUD Y COSMETICA;24;2016;3;1
SALUD Y COSMETICA;25;2016;1;1
SALUD Y COSMETICA;26;2016;2;1
SALUD Y COSMETICA;27;2016;1;1
SALUD Y COSMETICA;27;2016;2;1
SALUD Y COSMETICA;27;2016;3;1
SALUD Y COSMETICA;28;2016;1;1
SALUD Y COSMETICA;28;2016;2;1
SALUD Y COSMETICA;28;2016;3;1
SALUD Y COSMETICA;30;2016;1;1
SALUD Y COSMETICA;30;2016;3;2
SALUD Y COSMETICA;31;2016;1;1
SALUD Y COSMETICA;31;2016;2;1
SALUD Y COSMETICA;32;2016;1;1
SALUD Y COSMETICA;32;2016;2;1
SALUD Y COSMETICA;33;2016;1;1
SALUD Y COSMETICA;33;2016;2;1
SALUD Y COSMETICA;33;2016;3;1
SALUD Y COSMETICA;34;2016;3;2
SALUD Y COSMETICA;35;2016;1;1
SALUD Y COSMETICA;35;2016;2;1
SALUD Y COSMETICA;35;2016;3;1
SALUD Y COSMETICA;36;2016;1;1
SALUD Y COSMETICA;39;2016;3;1
SALUD Y COSMETICA;40;2016;2;1
SALUD Y COSMETICA;40;2016;3;1
SALUD Y COSMETICA;41;2016;2;1
SALUD Y COSMETICA;42;2016;1;1
SALUD Y COSMETICA;42;2016;3;1
SALUD Y COSMETICA;43;2016;1;1
SALUD Y COSMETICA;44;2016;2;1
SALUD Y COSMETICA;44;2016;3;1
SALUD Y COSMETICA;46;2016;3;1
SALUD Y COSMETICA;48;2016;1;1
SALUD Y COSMETICA;51;2016;2;1
SALUD Y COSMETICA;51;2016;3;1
SALUD Y COSMETICA;52;2016;1;1
SALUD Y COSMETICA;52;2016;2;1
SALUD Y COSMETICA;53;2016;1;1
SALUD Y COSMETICA;54;2016;1;1
SALUD Y COSMETICA;54;2016;2;1
SALUD Y COSMETICA;54;2016;3;1
SALUD Y COSMETICA;55;2016;1;1
SALUD Y COSMETICA;55;2016;2;2
SALUD Y COSMETICA;56;2016;2;1
SALUD Y COSMETICA;57;2016;1;1
SALUD Y COSMETICA;57;2016;3;1
SALUD Y COSMETICA;58;2016;1;1
SALUD Y COSMETICA;58;2016;2;1
SALUD Y COSMETICA;59;2016;1;1
SALUD Y COSMETICA;59;2016;2;1
SALUD Y COSMETICA;59;2016;3;1
SALUD Y COSMETICA;60;2016;1;2
SALUD Y COSMETICA;60;2016;2;2
SALUD Y COSMETICA;60;2016;3;2
SALUD Y COSMETICA;61;2016;1;1
SALUD Y COSMETICA;61;2016;2;1
SALUD Y COSMETICA;61;2016;3;1
SALUD Y COSMETICA;65;2016;2;1
SALUD Y COSMETICA;66;2016;1;2
SALUD Y COSMETICA;66;2016;2;1
SALUD Y COSMETICA;66;2016;3;2
SALUD Y COSMETICA;67;2016;1;3
SALUD Y COSMETICA;67;2016;2;2
SALUD Y COSMETICA;67;2016;3;2
SALUD Y COSMETICA;68;2016;2;1
SALUD Y COSMETICA;69;2016;1;2
SALUD Y COSMETICA;69;2016;2;1
SALUD Y COSMETICA;69;2016;3;1
SALUD Y COSMETICA;70;2016;1;1
SALUD Y COSMETICA;70;2016;2;1
SALUD Y COSMETICA;73;2016;2;1
SALUD Y COSMETICA;74;2016;2;1
SALUD Y COSMETICA;74;2016;3;1
SALUD Y COSMETICA;76;2016;1;1
SALUD Y COSMETICA;76;2016;2;1
SALUD Y COSMETICA;76;2016;3;1
SALUD Y COSMETICA;77;2016;1;1
SALUD Y COSMETICA;78;2016;1;1
SALUD Y COSMETICA;78;2016;2;2
SALUD Y COSMETICA;79;2016;1;1
SALUD Y COSMETICA;79;2016;2;2
SALUD Y COSMETICA;79;2016;3;1
SALUD Y COSMETICA;80;2016;1;1
SALUD Y COSMETICA;80;2016;2;1
SALUD Y COSMETICA;81;2016;1;1
SALUD Y COSMETICA;81;2016;2;1
SALUD Y COSMETICA;82;2016;1;1
SALUD Y COSMETICA;82;2016;2;1
SALUD Y COSMETICA;82;2016;3;1
SALUD Y COSMETICA;83;2016;1;1
SALUD Y COSMETICA;83;2016;2;1
SALUD Y COSMETICA;83;2016;3;1
SALUD Y COSMETICA;84;2016;2;1
SALUD Y COSMETICA;84;2016;3;2
SALUD Y COSMETICA;85;2016;3;1
SALUD Y COSMETICA;87;2016;1;1
SALUD Y COSMETICA;87;2016;2;1
SALUD Y COSMETICA;88;2016;2;1
SALUD Y COSMETICA;89;2016;1;1
SALUD Y COSMETICA;89;2016;3;1
SALUD Y COSMETICA;90;2016;1;1
SALUD Y COSMETICA;91;2016;3;1
SALUD Y COSMETICA;92;2016;1;1
SALUD Y COSMETICA;92;2016;3;1
SALUD Y COSMETICA;94;2016;1;1
SALUD Y COSMETICA;94;2016;2;1
SALUD Y COSMETICA;95;2016;1;1
SALUD Y COSMETICA;95;2016;2;1
SALUD Y COSMETICA;95;2016;3;1
SALUD Y COSMETICA;96;2016;2;1
SALUD Y COSMETICA;96;2016;3;1
SALUD Y COSMETICA;98;2016;3;1
SALUD Y COSMETICA;99;2016;3;1
SALUD Y COSMETICA;100;2016;2;1
SALUD Y COSMETICA;101;2016;1;1
SALUD Y COSMETICA;102;2016;1;1
SALUD Y COSMETICA;102;2016;2;1
SALUD Y COSMETICA;102;2016;3;1
SALUD Y COSMETICA;103;2016;1;1
SALUD Y COSMETICA;103;2016;2;2
SALUD Y COSMETICA;103;2016;3;2
SALUD Y COSMETICA;104;2016;2;1
SALUD Y COSMETICA;105;2016;1;1
SALUD Y COSMETICA;106;2016;1;1
SALUD Y COSMETICA;106;2016;2;1
SALUD Y COSMETICA;106;2016;3;2
SALUD Y COSMETICA;107;2016;1;1
SALUD Y COSMETICA;107;2016;3;1
SALUD Y COSMETICA;108;2016;1;1
SALUD Y COSMETICA;109;2016;2;1
SALUD Y COSMETICA;110;2016;1;1
SALUD Y COSMETICA;110;2016;2;1
SALUD Y COSMETICA;110;2016;3;1
SALUD Y COSMETICA;111;2016;1;1
SALUD Y COSMETICA;112;2016;2;1
SALUD Y COSMETICA;112;2016;3;1
SALUD Y COSMETICA;113;2016;3;1
SALUD Y COSMETICA;114;2016;2;1
SALUD Y COSMETICA;115;2016;1;1
SALUD Y COSMETICA;115;2016;2;1
SALUD Y COSMETICA;115;2016;3;1
SALUD Y COSMETICA;116;2016;1;1
SALUD Y COSMETICA;116;2016;2;1
SALUD Y COSMETICA;116;2016;3;1
SALUD Y COSMETICA;117;2016;1;1
SALUD Y COSMETICA;117;2016;3;1
SALUD Y COSMETICA;118;2016;1;1
SALUD Y COSMETICA;118;2016;2;1
SALUD Y COSMETICA;120;2016;1;1
SALUD Y COSMETICA;120;2016;3;1
SALUD Y COSMETICA;121;2016;1;1
SALUD Y COSMETICA;122;2016;1;1
SALUD Y COSMETICA;123;2016;1;1
SALUD Y COSMETICA;123;2016;2;1
SALUD Y COSMETICA;123;2016;3;1
SALUD Y COSMETICA;124;2016;1;1
SALUD Y COSMETICA;124;2016;3;1
SALUD Y COSMETICA;125;2016;2;1
SALUD Y COSMETICA;126;2016;2;1
SALUD Y COSMETICA;127;2016;1;1
SALUD Y COSMETICA;127;2016;2;1
SALUD Y COSMETICA;127;2016;3;1
SALUD Y COSMETICA;128;2016;1;1
SALUD Y COSMETICA;128;2016;2;1
SALUD Y COSMETICA;128;2016;3;1
SALUD Y COSMETICA;129;2016;1;1
SALUD Y COSMETICA;129;2016;3;1
SALUD Y COSMETICA;130;2016;1;1
SALUD Y COSMETICA;130;2016;2;1
SALUD Y COSMETICA;130;2016;3;1
SALUD Y COSMETICA;131;2016;3;1
SALUD Y COSMETICA;132;2016;1;1
SALUD Y COSMETICA;132;2016;2;1
SALUD Y COSMETICA;132;2016;3;1
SALUD Y COSMETICA;133;2016;1;1
SALUD Y COSMETICA;133;2016;3;1
SALUD Y COSMETICA;134;2016;3;1
SALUD Y COSMETICA;135;2016;1;1
SALUD Y COSMETICA;135;2016;3;1
SALUD Y COSMETICA;137;2016;2;1
SALUD Y COSMETICA;137;2016;3;1
SALUD Y COSMETICA;138;2016;1;1
SALUD Y COSMETICA;138;2016;2;1
SALUD Y COSMETICA;138;2016;3;1
SALUD Y COSMETICA;139;2016;2;1
SALUD Y COSMETICA;139;2016;3;1
SALUD Y COSMETICA;140;2016;1;1
SALUD Y COSMETICA;140;2016;2;2
SALUD Y COSMETICA;140;2016;3;1
SALUD Y COSMETICA;141;2016;1;1
SALUD Y COSMETICA;141;2016;2;2
SALUD Y COSMETICA;141;2016;3;1
SALUD Y COSMETICA;142;2016;1;1
SALUD Y COSMETICA;142;2016;2;2
SALUD Y COSMETICA;142;2016;3;2
SALUD Y COSMETICA;143;2016;1;1
SALUD Y COSMETICA;144;2016;1;1
SALUD Y COSMETICA;144;2016;2;1
SALUD Y COSMETICA;145;2016;1;1
SALUD Y COSMETICA;145;2016;2;1
SALUD Y COSMETICA;145;2016;3;1
SALUD Y COSMETICA;146;2016;2;2
SALUD Y COSMETICA;146;2016;3;1
SALUD Y COSMETICA;147;2016;1;1
SALUD Y COSMETICA;147;2016;3;1
SALUD Y COSMETICA;148;2016;1;1
SALUD Y COSMETICA;148;2016;3;1
SALUD Y COSMETICA;149;2016;1;1
SALUD Y COSMETICA;149;2016;2;2
SALUD Y COSMETICA;149;2016;3;1
SALUD Y COSMETICA;150;2016;1;1
SALUD Y COSMETICA;150;2016;2;1
SALUD Y COSMETICA;150;2016;3;1
SALUD Y COSMETICA;151;2016;1;1
SALUD Y COSMETICA;151;2016;2;1
SALUD Y COSMETICA;152;2016;1;1
SALUD Y COSMETICA;152;2016;2;1
SALUD Y COSMETICA;152;2016;3;1
SALUD Y COSMETICA;153;2016;3;1
SALUD Y COSMETICA;154;2016;2;1
SALUD Y COSMETICA;154;2016;3;1
SALUD Y COSMETICA;155;2016;1;1
SALUD Y COSMETICA;155;2016;2;1
SALUD Y COSMETICA;155;2016;3;1
SALUD Y COSMETICA;156;2016;1;1
SALUD Y COSMETICA;156;2016;2;1
SALUD Y COSMETICA;156;2016;3;1
SALUD Y COSMETICA;157;2016;1;1
SALUD Y COSMETICA;157;2016;3;1
SALUD Y COSMETICA;158;2016;1;1
SALUD Y COSMETICA;158;2016;2;1
SALUD Y COSMETICA;158;2016;3;2
SALUD Y COSMETICA;159;2016;1;4
SALUD Y COSMETICA;159;2016;2;1
SALUD Y COSMETICA;159;2016;3;1
SALUD Y COSMETICA;160;2016;1;2
SALUD Y COSMETICA;160;2016;2;1
SALUD Y COSMETICA;160;2016;3;2
SALUD Y COSMETICA;161;2016;2;1
SUPERMERCADOS Y ALMACENES;1;2016;3;1
SUPERMERCADOS Y ALMACENES;3;2016;3;1
SUPERMERCADOS Y ALMACENES;4;2016;2;1
SUPERMERCADOS Y ALMACENES;6;2016;2;1
SUPERMERCADOS Y ALMACENES;6;2016;3;1
SUPERMERCADOS Y ALMACENES;10;2016;3;1
SUPERMERCADOS Y ALMACENES;11;2016;3;1
SUPERMERCADOS Y ALMACENES;12;2016;1;1
SUPERMERCADOS Y ALMACENES;12;2016;2;1
SUPERMERCADOS Y ALMACENES;14;2016;2;1
SUPERMERCADOS Y ALMACENES;15;2016;3;1
SUPERMERCADOS Y ALMACENES;16;2016;1;1
SUPERMERCADOS Y ALMACENES;16;2016;3;1
SUPERMERCADOS Y ALMACENES;17;2016;2;1
SUPERMERCADOS Y ALMACENES;18;2016;1;1
SUPERMERCADOS Y ALMACENES;18;2016;2;1
SUPERMERCADOS Y ALMACENES;19;2016;1;1
SUPERMERCADOS Y ALMACENES;19;2016;2;1
SUPERMERCADOS Y ALMACENES;19;2016;3;1
SUPERMERCADOS Y ALMACENES;20;2016;2;1
SUPERMERCADOS Y ALMACENES;20;2016;3;1
SUPERMERCADOS Y ALMACENES;21;2016;1;1
SUPERMERCADOS Y ALMACENES;21;2016;2;1
SUPERMERCADOS Y ALMACENES;22;2016;2;1
SUPERMERCADOS Y ALMACENES;23;2016;2;1
SUPERMERCADOS Y ALMACENES;23;2016;3;1
SUPERMERCADOS Y ALMACENES;24;2016;3;2
SUPERMERCADOS Y ALMACENES;26;2016;2;1
SUPERMERCADOS Y ALMACENES;28;2016;3;1
SUPERMERCADOS Y ALMACENES;30;2016;3;1
SUPERMERCADOS Y ALMACENES;31;2016;1;1
SUPERMERCADOS Y ALMACENES;33;2016;1;1
SUPERMERCADOS Y ALMACENES;33;2016;2;1
SUPERMERCADOS Y ALMACENES;33;2016;3;1
SUPERMERCADOS Y ALMACENES;36;2016;3;1
SUPERMERCADOS Y ALMACENES;37;2016;2;1
SUPERMERCADOS Y ALMACENES;39;2016;2;1
SUPERMERCADOS Y ALMACENES;39;2016;3;1
SUPERMERCADOS Y ALMACENES;40;2016;1;1
SUPERMERCADOS Y ALMACENES;41;2016;2;1
SUPERMERCADOS Y ALMACENES;42;2016;2;1
SUPERMERCADOS Y ALMACENES;42;2016;3;1
SUPERMERCADOS Y ALMACENES;43;2016;2;1
SUPERMERCADOS Y ALMACENES;43;2016;3;1
SUPERMERCADOS Y ALMACENES;44;2016;2;1
SUPERMERCADOS Y ALMACENES;44;2016;3;1
SUPERMERCADOS Y ALMACENES;46;2016;2;1
SUPERMERCADOS Y ALMACENES;46;2016;3;1
SUPERMERCADOS Y ALMACENES;47;2016;3;1
SUPERMERCADOS Y ALMACENES;48;2016;2;1
SUPERMERCADOS Y ALMACENES;49;2016;2;1
SUPERMERCADOS Y ALMACENES;50;2016;2;1
SUPERMERCADOS Y ALMACENES;50;2016;3;1
SUPERMERCADOS Y ALMACENES;51;2016;1;1
SUPERMERCADOS Y ALMACENES;51;2016;2;1
SUPERMERCADOS Y ALMACENES;51;2016;3;1
SUPERMERCADOS Y ALMACENES;52;2016;1;1
SUPERMERCADOS Y ALMACENES;52;2016;2;1
SUPERMERCADOS Y ALMACENES;52;2016;3;1
SUPERMERCADOS Y ALMACENES;53;2016;3;1
SUPERMERCADOS Y ALMACENES;55;2016;1;1
SUPERMERCADOS Y ALMACENES;55;2016;2;1
SUPERMERCADOS Y ALMACENES;55;2016;3;2
SUPERMERCADOS Y ALMACENES;56;2016;1;1
SUPERMERCADOS Y ALMACENES;56;2016;2;1
SUPERMERCADOS Y ALMACENES;58;2016;3;1
SUPERMERCADOS Y ALMACENES;59;2016;3;1
SUPERMERCADOS Y ALMACENES;60;2016;3;1
SUPERMERCADOS Y ALMACENES;61;2016;2;1
SUPERMERCADOS Y ALMACENES;62;2016;1;1
SUPERMERCADOS Y ALMACENES;63;2016;2;1
SUPERMERCADOS Y ALMACENES;64;2016;2;1
SUPERMERCADOS Y ALMACENES;65;2016;3;1
SUPERMERCADOS Y ALMACENES;66;2016;1;1
SUPERMERCADOS Y ALMACENES;66;2016;2;2
SUPERMERCADOS Y ALMACENES;67;2016;2;1
SUPERMERCADOS Y ALMACENES;67;2016;3;2
SUPERMERCADOS Y ALMACENES;69;2016;2;1
SUPERMERCADOS Y ALMACENES;70;2016;2;1
SUPERMERCADOS Y ALMACENES;71;2016;2;2
SUPERMERCADOS Y ALMACENES;72;2016;1;1
SUPERMERCADOS Y ALMACENES;72;2016;3;1
SUPERMERCADOS Y ALMACENES;73;2016;2;1
SUPERMERCADOS Y ALMACENES;74;2016;1;1
SUPERMERCADOS Y ALMACENES;74;2016;2;1
SUPERMERCADOS Y ALMACENES;76;2016;2;1
SUPERMERCADOS Y ALMACENES;77;2016;3;1
SUPERMERCADOS Y ALMACENES;78;2016;2;1
SUPERMERCADOS Y ALMACENES;78;2016;3;1
SUPERMERCADOS Y ALMACENES;79;2016;1;1
SUPERMERCADOS Y ALMACENES;79;2016;3;1
SUPERMERCADOS Y ALMACENES;82;2016;2;1
SUPERMERCADOS Y ALMACENES;82;2016;3;2
SUPERMERCADOS Y ALMACENES;83;2016;1;1
SUPERMERCADOS Y ALMACENES;83;2016;2;1
SUPERMERCADOS Y ALMACENES;83;2016;3;1
SUPERMERCADOS Y ALMACENES;84;2016;1;1
SUPERMERCADOS Y ALMACENES;85;2016;3;1
SUPERMERCADOS Y ALMACENES;87;2016;1;2
SUPERMERCADOS Y ALMACENES;87;2016;3;1
SUPERMERCADOS Y ALMACENES;88;2016;1;1
SUPERMERCADOS Y ALMACENES;88;2016;2;1
SUPERMERCADOS Y ALMACENES;90;2016;1;1
SUPERMERCADOS Y ALMACENES;90;2016;2;1
SUPERMERCADOS Y ALMACENES;90;2016;3;1
SUPERMERCADOS Y ALMACENES;91;2016;1;1
SUPERMERCADOS Y ALMACENES;93;2016;1;1
SUPERMERCADOS Y ALMACENES;94;2016;1;1
SUPERMERCADOS Y ALMACENES;95;2016;1;1
SUPERMERCADOS Y ALMACENES;95;2016;2;1
SUPERMERCADOS Y ALMACENES;96;2016;2;1
SUPERMERCADOS Y ALMACENES;97;2016;3;1
SUPERMERCADOS Y ALMACENES;100;2016;2;1
SUPERMERCADOS Y ALMACENES;101;2016;2;1
SUPERMERCADOS Y ALMACENES;101;2016;3;1
SUPERMERCADOS Y ALMACENES;102;2016;1;1
SUPERMERCADOS Y ALMACENES;102;2016;2;1
SUPERMERCADOS Y ALMACENES;102;2016;3;1
SUPERMERCADOS Y ALMACENES;103;2016;1;1
SUPERMERCADOS Y ALMACENES;103;2016;3;1
SUPERMERCADOS Y ALMACENES;104;2016;2;1
SUPERMERCADOS Y ALMACENES;104;2016;3;1
SUPERMERCADOS Y ALMACENES;106;2016;2;1
SUPERMERCADOS Y ALMACENES;106;2016;3;1
SUPERMERCADOS Y ALMACENES;107;2016;2;1
SUPERMERCADOS Y ALMACENES;108;2016;3;1
SUPERMERCADOS Y ALMACENES;109;2016;2;1
SUPERMERCADOS Y ALMACENES;110;2016;2;1
SUPERMERCADOS Y ALMACENES;110;2016;3;1
SUPERMERCADOS Y ALMACENES;112;2016;3;1
SUPERMERCADOS Y ALMACENES;113;2016;1;1
SUPERMERCADOS Y ALMACENES;113;2016;2;1
SUPERMERCADOS Y ALMACENES;114;2016;3;1
SUPERMERCADOS Y ALMACENES;115;2016;3;1
SUPERMERCADOS Y ALMACENES;116;2016;1;1
SUPERMERCADOS Y ALMACENES;116;2016;2;2
SUPERMERCADOS Y ALMACENES;116;2016;3;1
SUPERMERCADOS Y ALMACENES;117;2016;1;1
SUPERMERCADOS Y ALMACENES;117;2016;3;1
SUPERMERCADOS Y ALMACENES;118;2016;1;1
SUPERMERCADOS Y ALMACENES;118;2016;2;2
SUPERMERCADOS Y ALMACENES;118;2016;3;1
SUPERMERCADOS Y ALMACENES;119;2016;2;1
SUPERMERCADOS Y ALMACENES;122;2016;1;1
SUPERMERCADOS Y ALMACENES;122;2016;3;1
SUPERMERCADOS Y ALMACENES;124;2016;1;1
SUPERMERCADOS Y ALMACENES;124;2016;2;1
SUPERMERCADOS Y ALMACENES;125;2016;1;1
SUPERMERCADOS Y ALMACENES;125;2016;3;1
SUPERMERCADOS Y ALMACENES;126;2016;1;1
SUPERMERCADOS Y ALMACENES;126;2016;2;1
SUPERMERCADOS Y ALMACENES;127;2016;2;1
SUPERMERCADOS Y ALMACENES;128;2016;3;1
SUPERMERCADOS Y ALMACENES;129;2016;1;1
SUPERMERCADOS Y ALMACENES;129;2016;2;1
SUPERMERCADOS Y ALMACENES;130;2016;3;1
SUPERMERCADOS Y ALMACENES;131;2016;3;1
SUPERMERCADOS Y ALMACENES;134;2016;3;1
SUPERMERCADOS Y ALMACENES;135;2016;3;1
SUPERMERCADOS Y ALMACENES;137;2016;3;1
SUPERMERCADOS Y ALMACENES;138;2016;1;1
SUPERMERCADOS Y ALMACENES;138;2016;3;1
SUPERMERCADOS Y ALMACENES;140;2016;1;1
SUPERMERCADOS Y ALMACENES;140;2016;3;1
SUPERMERCADOS Y ALMACENES;141;2016;1;1
SUPERMERCADOS Y ALMACENES;141;2016;2;1
SUPERMERCADOS Y ALMACENES;141;2016;3;2
SUPERMERCADOS Y ALMACENES;142;2016;1;1
SUPERMERCADOS Y ALMACENES;142;2016;2;1
SUPERMERCADOS Y ALMACENES;143;2016;2;1
SUPERMERCADOS Y ALMACENES;143;2016;3;1
SUPERMERCADOS Y ALMACENES;145;2016;1;1
SUPERMERCADOS Y ALMACENES;145;2016;2;1
SUPERMERCADOS Y ALMACENES;145;2016;3;1
SUPERMERCADOS Y ALMACENES;146;2016;1;1
SUPERMERCADOS Y ALMACENES;146;2016;3;1
SUPERMERCADOS Y ALMACENES;147;2016;1;1
SUPERMERCADOS Y ALMACENES;148;2016;2;1
SUPERMERCADOS Y ALMACENES;149;2016;2;1
SUPERMERCADOS Y ALMACENES;150;2016;1;1
SUPERMERCADOS Y ALMACENES;151;2016;1;1
SUPERMERCADOS Y ALMACENES;151;2016;3;1
SUPERMERCADOS Y ALMACENES;152;2016;2;1
SUPERMERCADOS Y ALMACENES;152;2016;3;1
SUPERMERCADOS Y ALMACENES;154;2016;2;1
SUPERMERCADOS Y ALMACENES;154;2016;3;1
SUPERMERCADOS Y ALMACENES;155;2016;3;1
SUPERMERCADOS Y ALMACENES;156;2016;1;1
SUPERMERCADOS Y ALMACENES;156;2016;3;1
SUPERMERCADOS Y ALMACENES;157;2016;1;1
SUPERMERCADOS Y ALMACENES;158;2016;1;1
SUPERMERCADOS Y ALMACENES;158;2016;2;1
SUPERMERCADOS Y ALMACENES;158;2016;3;1
SUPERMERCADOS Y ALMACENES;159;2016;2;1
SUPERMERCADOS Y ALMACENES;160;2016;1;1
SUPERMERCADOS Y ALMACENES;161;2016;2;1
TRATAMIENTOS ESTETICOS;10;2016;1;1
TRATAMIENTOS ESTETICOS;19;2016;1;1
TRATAMIENTOS ESTETICOS;23;2016;1;1
TRATAMIENTOS ESTETICOS;24;2016;2;1
TRATAMIENTOS ESTETICOS;27;2016;2;1
TRATAMIENTOS ESTETICOS;29;2016;3;1
TRATAMIENTOS ESTETICOS;33;2016;1;1
TRATAMIENTOS ESTETICOS;33;2016;3;1
TRATAMIENTOS ESTETICOS;35;2016;3;1
TRATAMIENTOS ESTETICOS;40;2016;2;1
TRATAMIENTOS ESTETICOS;48;2016;3;1
TRATAMIENTOS ESTETICOS;58;2016;3;1
TRATAMIENTOS ESTETICOS;60;2016;1;1
TRATAMIENTOS ESTETICOS;60;2016;3;1
TRATAMIENTOS ESTETICOS;61;2016;1;1
TRATAMIENTOS ESTETICOS;61;2016;2;1
TRATAMIENTOS ESTETICOS;61;2016;3;1
TRATAMIENTOS ESTETICOS;66;2016;3;1
TRATAMIENTOS ESTETICOS;67;2016;3;1
TRATAMIENTOS ESTETICOS;69;2016;2;1
TRATAMIENTOS ESTETICOS;69;2016;3;1
TRATAMIENTOS ESTETICOS;73;2016;3;1
TRATAMIENTOS ESTETICOS;76;2016;2;1
TRATAMIENTOS ESTETICOS;78;2016;1;1
TRATAMIENTOS ESTETICOS;78;2016;2;1
TRATAMIENTOS ESTETICOS;83;2016;2;1
TRATAMIENTOS ESTETICOS;84;2016;3;1
TRATAMIENTOS ESTETICOS;87;2016;1;1
TRATAMIENTOS ESTETICOS;96;2016;2;1
TRATAMIENTOS ESTETICOS;100;2016;3;1
TRATAMIENTOS ESTETICOS;103;2016;1;1
TRATAMIENTOS ESTETICOS;116;2016;3;1
TRATAMIENTOS ESTETICOS;117;2016;1;1
TRATAMIENTOS ESTETICOS;118;2016;3;1
TRATAMIENTOS ESTETICOS;129;2016;1;1
TRATAMIENTOS ESTETICOS;129;2016;3;1
TRATAMIENTOS ESTETICOS;133;2016;2;1
TRATAMIENTOS ESTETICOS;134;2016;1;1
TRATAMIENTOS ESTETICOS;141;2016;3;1
TRATAMIENTOS ESTETICOS;142;2016;2;1
TRATAMIENTOS ESTETICOS;142;2016;3;1
TRATAMIENTOS ESTETICOS;145;2016;3;1
TRATAMIENTOS ESTETICOS;147;2016;2;1
TRATAMIENTOS ESTETICOS;147;2016;3;1
TRATAMIENTOS ESTETICOS;149;2016;2;1
TRATAMIENTOS ESTETICOS;150;2016;2;1
TRATAMIENTOS ESTETICOS;151;2016;1;1
TRATAMIENTOS ESTETICOS;154;2016;3;1
TRATAMIENTOS ESTETICOS;157;2016;2;1
TRATAMIENTOS ESTETICOS;159;2016;2;1
TRATAMIENTOS ESTETICOS;160;2016;2;1
VETERINARIA;12;2016;2;1
VETERINARIA;26;2016;3;1
VETERINARIA;27;2016;2;1
VETERINARIA;28;2016;1;1
VETERINARIA;28;2016;3;1
VETERINARIA;33;2016;1;1
VETERINARIA;33;2016;3;1
VETERINARIA;43;2016;1;1
VETERINARIA;55;2016;3;1
VETERINARIA;58;2016;2;1
VETERINARIA;66;2016;2;1
VETERINARIA;74;2016;3;1
VETERINARIA;76;2016;3;1
VETERINARIA;95;2016;2;1
VETERINARIA;108;2016;3;1
VETERINARIA;114;2016;2;1
VETERINARIA;126;2016;2;1
VETERINARIA;130;2016;2;1
VETERINARIA;132;2016;3;1
VETERINARIA;134;2016;1;1
VETERINARIA;140;2016;1;1
VETERINARIA;141;2016;3;1
VETERINARIA;142;2016;2;1
VETERINARIA;159;2016;2;1
VETERINARIA;160;2016;1;1
BARES Y CAFES;1;2017;1;1
BARES Y CAFES;9;2017;1;1
BARES Y CAFES;13;2017;1;1
BARES Y CAFES;20;2017;1;1
BARES Y CAFES;28;2017;1;1
BARES Y CAFES;28;2017;2;1
BARES Y CAFES;30;2017;2;1
BARES Y CAFES;34;2017;1;1
BARES Y CAFES;36;2017;1;1
BARES Y CAFES;44;2017;1;1
BARES Y CAFES;48;2017;1;1
BARES Y CAFES;51;2017;1;1
BARES Y CAFES;60;2017;1;1
BARES Y CAFES;60;2017;2;1
BARES Y CAFES;66;2017;1;1
BARES Y CAFES;68;2017;2;1
BARES Y CAFES;69;2017;1;1
BARES Y CAFES;69;2017;2;1
BARES Y CAFES;77;2017;1;1
BARES Y CAFES;77;2017;2;1
BARES Y CAFES;78;2017;1;1
BARES Y CAFES;79;2017;1;1
BARES Y CAFES;84;2017;1;1
BARES Y CAFES;88;2017;1;1
BARES Y CAFES;90;2017;1;1
BARES Y CAFES;96;2017;1;1
BARES Y CAFES;101;2017;1;1
BARES Y CAFES;102;2017;1;1
BARES Y CAFES;105;2017;1;1
BARES Y CAFES;106;2017;1;1
BARES Y CAFES;106;2017;2;1
BARES Y CAFES;114;2017;1;1
BARES Y CAFES;115;2017;1;1
BARES Y CAFES;118;2017;1;2
BARES Y CAFES;123;2017;1;1
BARES Y CAFES;126;2017;1;1
BARES Y CAFES;129;2017;2;1
BARES Y CAFES;134;2017;2;1
BARES Y CAFES;141;2017;1;1
BARES Y CAFES;147;2017;1;1
BARES Y CAFES;149;2017;1;1
BARES Y CAFES;151;2017;1;1
BARES Y CAFES;152;2017;1;1
BARES Y CAFES;154;2017;1;1
BARES Y CAFES;155;2017;1;1
BARES Y CAFES;156;2017;1;1
BARES Y CAFES;157;2017;1;1
BARES Y CAFES;160;2017;1;1
CARNES Y VERDURAS;14;2017;1;1
CARNES Y VERDURAS;17;2017;1;1
CARNES Y VERDURAS;28;2017;1;1
CARNES Y VERDURAS;30;2017;1;1
CARNES Y VERDURAS;31;2017;1;1
CARNES Y VERDURAS;32;2017;1;1
CARNES Y VERDURAS;34;2017;1;1
CARNES Y VERDURAS;39;2017;1;1
CARNES Y VERDURAS;47;2017;1;1
CARNES Y VERDURAS;47;2017;2;1
CARNES Y VERDURAS;54;2017;2;1
CARNES Y VERDURAS;58;2017;1;1
CARNES Y VERDURAS;61;2017;1;1
CARNES Y VERDURAS;67;2017;1;1
CARNES Y VERDURAS;73;2017;1;1
CARNES Y VERDURAS;76;2017;1;1
CARNES Y VERDURAS;78;2017;1;1
CARNES Y VERDURAS;84;2017;2;1
CARNES Y VERDURAS;100;2017;1;1
CARNES Y VERDURAS;102;2017;1;1
CARNES Y VERDURAS;108;2017;1;1
CARNES Y VERDURAS;110;2017;2;1
CARNES Y VERDURAS;113;2017;1;1
CARNES Y VERDURAS;115;2017;1;1
CARNES Y VERDURAS;116;2017;2;1
CARNES Y VERDURAS;129;2017;2;1
CARNES Y VERDURAS;130;2017;2;1
CARNES Y VERDURAS;138;2017;1;1
CARNES Y VERDURAS;140;2017;1;1
CARNES Y VERDURAS;141;2017;1;1
CARNES Y VERDURAS;144;2017;1;1
CARNES Y VERDURAS;145;2017;1;1
CARNES Y VERDURAS;160;2017;2;1
COMIDA AL PASO;9;2017;1;1
COMIDA AL PASO;16;2017;1;1
COMIDA AL PASO;17;2017;1;1
COMIDA AL PASO;18;2017;1;1
COMIDA AL PASO;23;2017;1;1
COMIDA AL PASO;24;2017;1;1
COMIDA AL PASO;24;2017;2;1
COMIDA AL PASO;25;2017;2;1
COMIDA AL PASO;27;2017;1;1
COMIDA AL PASO;27;2017;2;1
COMIDA AL PASO;31;2017;1;1
COMIDA AL PASO;33;2017;1;1
COMIDA AL PASO;34;2017;1;1
COMIDA AL PASO;35;2017;1;1
COMIDA AL PASO;41;2017;1;1
COMIDA AL PASO;43;2017;1;1
COMIDA AL PASO;44;2017;1;1
COMIDA AL PASO;46;2017;1;1
COMIDA AL PASO;48;2017;1;1
COMIDA AL PASO;50;2017;1;1
COMIDA AL PASO;51;2017;1;1
COMIDA AL PASO;52;2017;1;1
COMIDA AL PASO;54;2017;1;1
COMIDA AL PASO;55;2017;1;1
COMIDA AL PASO;58;2017;1;1
COMIDA AL PASO;60;2017;1;1
COMIDA AL PASO;60;2017;2;1
COMIDA AL PASO;61;2017;1;1
COMIDA AL PASO;61;2017;2;1
COMIDA AL PASO;66;2017;1;1
COMIDA AL PASO;67;2017;1;1
COMIDA AL PASO;67;2017;2;1
COMIDA AL PASO;68;2017;2;1
COMIDA AL PASO;72;2017;1;1
COMIDA AL PASO;74;2017;1;1
COMIDA AL PASO;76;2017;2;1
COMIDA AL PASO;77;2017;2;1
COMIDA AL PASO;78;2017;1;1
COMIDA AL PASO;79;2017;1;1
COMIDA AL PASO;82;2017;2;1
COMIDA AL PASO;84;2017;1;1
COMIDA AL PASO;87;2017;2;1
COMIDA AL PASO;88;2017;1;1
COMIDA AL PASO;95;2017;1;1
COMIDA AL PASO;96;2017;1;1
COMIDA AL PASO;96;2017;2;1
COMIDA AL PASO;98;2017;1;1
COMIDA AL PASO;103;2017;1;1
COMIDA AL PASO;103;2017;2;1
COMIDA AL PASO;104;2017;1;1
COMIDA AL PASO;105;2017;1;1
COMIDA AL PASO;106;2017;1;1
COMIDA AL PASO;112;2017;1;1
COMIDA AL PASO;114;2017;1;1
COMIDA AL PASO;114;2017;2;1
COMIDA AL PASO;117;2017;2;1
COMIDA AL PASO;118;2017;1;2
COMIDA AL PASO;118;2017;2;1
COMIDA AL PASO;119;2017;1;1
COMIDA AL PASO;122;2017;2;1
COMIDA AL PASO;126;2017;1;1
COMIDA AL PASO;129;2017;1;1
COMIDA AL PASO;130;2017;1;1
COMIDA AL PASO;133;2017;1;1
COMIDA AL PASO;140;2017;1;1
COMIDA AL PASO;141;2017;1;1
COMIDA AL PASO;141;2017;2;1
COMIDA AL PASO;149;2017;1;1
COMIDA AL PASO;153;2017;1;1
COMIDA AL PASO;155;2017;1;1
COMIDA AL PASO;160;2017;2;1
COMIDA AL PASO;161;2017;2;1
FERRETERIA Y CONSTRUCCION;4;2017;1;1
FERRETERIA Y CONSTRUCCION;10;2017;1;1
FERRETERIA Y CONSTRUCCION;11;2017;1;1
FERRETERIA Y CONSTRUCCION;16;2017;1;1
FERRETERIA Y CONSTRUCCION;17;2017;1;1
FERRETERIA Y CONSTRUCCION;17;2017;2;1
FERRETERIA Y CONSTRUCCION;18;2017;2;1
FERRETERIA Y CONSTRUCCION;19;2017;1;1
FERRETERIA Y CONSTRUCCION;19;2017;2;1
FERRETERIA Y CONSTRUCCION;20;2017;1;1
FERRETERIA Y CONSTRUCCION;21;2017;2;1
FERRETERIA Y CONSTRUCCION;23;2017;2;1
FERRETERIA Y CONSTRUCCION;26;2017;1;1
FERRETERIA Y CONSTRUCCION;29;2017;1;1
FERRETERIA Y CONSTRUCCION;31;2017;1;1
FERRETERIA Y CONSTRUCCION;32;2017;1;1
FERRETERIA Y CONSTRUCCION;36;2017;1;1
FERRETERIA Y CONSTRUCCION;40;2017;1;1
FERRETERIA Y CONSTRUCCION;41;2017;2;1
FERRETERIA Y CONSTRUCCION;42;2017;2;1
FERRETERIA Y CONSTRUCCION;43;2017;1;1
FERRETERIA Y CONSTRUCCION;46;2017;1;1
FERRETERIA Y CONSTRUCCION;51;2017;1;1
FERRETERIA Y CONSTRUCCION;57;2017;1;1
FERRETERIA Y CONSTRUCCION;59;2017;2;1
FERRETERIA Y CONSTRUCCION;60;2017;1;1
FERRETERIA Y CONSTRUCCION;61;2017;1;1
FERRETERIA Y CONSTRUCCION;62;2017;2;1
FERRETERIA Y CONSTRUCCION;63;2017;1;1
FERRETERIA Y CONSTRUCCION;65;2017;1;1
FERRETERIA Y CONSTRUCCION;68;2017;2;1
FERRETERIA Y CONSTRUCCION;69;2017;2;1
FERRETERIA Y CONSTRUCCION;76;2017;1;1
FERRETERIA Y CONSTRUCCION;79;2017;1;1
FERRETERIA Y CONSTRUCCION;80;2017;1;1
FERRETERIA Y CONSTRUCCION;90;2017;1;1
FERRETERIA Y CONSTRUCCION;90;2017;2;1
FERRETERIA Y CONSTRUCCION;91;2017;2;1
FERRETERIA Y CONSTRUCCION;92;2017;1;1
FERRETERIA Y CONSTRUCCION;94;2017;1;1
FERRETERIA Y CONSTRUCCION;95;2017;1;1
FERRETERIA Y CONSTRUCCION;97;2017;1;1
FERRETERIA Y CONSTRUCCION;99;2017;1;1
FERRETERIA Y CONSTRUCCION;101;2017;1;1
FERRETERIA Y CONSTRUCCION;103;2017;2;1
FERRETERIA Y CONSTRUCCION;104;2017;1;1
FERRETERIA Y CONSTRUCCION;106;2017;1;1
FERRETERIA Y CONSTRUCCION;108;2017;1;1
FERRETERIA Y CONSTRUCCION;111;2017;1;1
FERRETERIA Y CONSTRUCCION;118;2017;1;1
FERRETERIA Y CONSTRUCCION;124;2017;1;1
FERRETERIA Y CONSTRUCCION;126;2017;1;1
FERRETERIA Y CONSTRUCCION;129;2017;1;1
FERRETERIA Y CONSTRUCCION;131;2017;2;1
FERRETERIA Y CONSTRUCCION;132;2017;1;1
FERRETERIA Y CONSTRUCCION;135;2017;1;1
FERRETERIA Y CONSTRUCCION;138;2017;1;1
FERRETERIA Y CONSTRUCCION;143;2017;1;1
FERRETERIA Y CONSTRUCCION;143;2017;2;1
FERRETERIA Y CONSTRUCCION;144;2017;1;1
FERRETERIA Y CONSTRUCCION;145;2017;1;1
FERRETERIA Y CONSTRUCCION;149;2017;1;1
FERRETERIA Y CONSTRUCCION;151;2017;1;1
FERRETERIA Y CONSTRUCCION;153;2017;2;1
FERRETERIA Y CONSTRUCCION;156;2017;2;1
FERRETERIA Y CONSTRUCCION;157;2017;1;1
FERRETERIA Y CONSTRUCCION;158;2017;1;1
FERRETERIA Y CONSTRUCCION;159;2017;1;1
FIAMBRERIAS Y DIETETICAS;3;2017;1;1
FIAMBRERIAS Y DIETETICAS;7;2017;1;1
FIAMBRERIAS Y DIETETICAS;9;2017;1;1
FIAMBRERIAS Y DIETETICAS;12;2017;2;1
FIAMBRERIAS Y DIETETICAS;16;2017;1;1
FIAMBRERIAS Y DIETETICAS;21;2017;1;1
FIAMBRERIAS Y DIETETICAS;22;2017;1;1
FIAMBRERIAS Y DIETETICAS;28;2017;2;1
FIAMBRERIAS Y DIETETICAS;30;2017;2;1
FIAMBRERIAS Y DIETETICAS;31;2017;1;1
FIAMBRERIAS Y DIETETICAS;32;2017;2;1
FIAMBRERIAS Y DIETETICAS;40;2017;1;1
FIAMBRERIAS Y DIETETICAS;41;2017;1;1
FIAMBRERIAS Y DIETETICAS;45;2017;1;1
FIAMBRERIAS Y DIETETICAS;56;2017;1;1
FIAMBRERIAS Y DIETETICAS;57;2017;1;1
FIAMBRERIAS Y DIETETICAS;58;2017;1;1
FIAMBRERIAS Y DIETETICAS;59;2017;1;1
FIAMBRERIAS Y DIETETICAS;60;2017;1;1
FIAMBRERIAS Y DIETETICAS;72;2017;1;1
FIAMBRERIAS Y DIETETICAS;80;2017;1;1
FIAMBRERIAS Y DIETETICAS;82;2017;1;1
FIAMBRERIAS Y DIETETICAS;83;2017;1;1
FIAMBRERIAS Y DIETETICAS;85;2017;2;1
FIAMBRERIAS Y DIETETICAS;87;2017;2;1
FIAMBRERIAS Y DIETETICAS;89;2017;1;1
FIAMBRERIAS Y DIETETICAS;90;2017;2;1
FIAMBRERIAS Y DIETETICAS;96;2017;1;1
FIAMBRERIAS Y DIETETICAS;100;2017;1;1
FIAMBRERIAS Y DIETETICAS;102;2017;1;1
FIAMBRERIAS Y DIETETICAS;103;2017;1;1
FIAMBRERIAS Y DIETETICAS;103;2017;2;1
FIAMBRERIAS Y DIETETICAS;115;2017;1;1
FIAMBRERIAS Y DIETETICAS;120;2017;2;1
FIAMBRERIAS Y DIETETICAS;131;2017;2;1
FIAMBRERIAS Y DIETETICAS;149;2017;1;1
FIAMBRERIAS Y DIETETICAS;149;2017;2;1
FIAMBRERIAS Y DIETETICAS;151;2017;1;1
FIAMBRERIAS Y DIETETICAS;158;2017;1;1
FIAMBRERIAS Y DIETETICAS;159;2017;1;1
FIAMBRERIAS Y DIETETICAS;160;2017;1;1
FIAMBRERIAS Y DIETETICAS;160;2017;2;1
HELADERIAS;25;2017;1;1
HELADERIAS;27;2017;1;1
HELADERIAS;31;2017;1;1
HELADERIAS;107;2017;1;1
HELADERIAS;118;2017;1;1
INDUMENTARIA;1;2017;1;1
INDUMENTARIA;2;2017;2;1
INDUMENTARIA;3;2017;1;1
INDUMENTARIA;4;2017;2;1
INDUMENTARIA;6;2017;1;1
INDUMENTARIA;9;2017;1;1
INDUMENTARIA;9;2017;2;1
INDUMENTARIA;13;2017;1;1
INDUMENTARIA;14;2017;1;1
INDUMENTARIA;16;2017;1;2
INDUMENTARIA;16;2017;2;1
INDUMENTARIA;17;2017;1;1
INDUMENTARIA;19;2017;1;1
INDUMENTARIA;19;2017;2;1
INDUMENTARIA;20;2017;1;3
INDUMENTARIA;20;2017;2;2
INDUMENTARIA;22;2017;1;1
INDUMENTARIA;24;2017;1;1
INDUMENTARIA;25;2017;1;1
INDUMENTARIA;26;2017;1;1
INDUMENTARIA;26;2017;2;1
INDUMENTARIA;27;2017;1;1
INDUMENTARIA;28;2017;1;2
INDUMENTARIA;30;2017;1;3
INDUMENTARIA;32;2017;1;1
INDUMENTARIA;32;2017;2;1
INDUMENTARIA;37;2017;1;1
INDUMENTARIA;40;2017;1;1
INDUMENTARIA;41;2017;1;2
INDUMENTARIA;41;2017;2;1
INDUMENTARIA;43;2017;1;1
INDUMENTARIA;45;2017;1;2
INDUMENTARIA;46;2017;1;1
INDUMENTARIA;46;2017;2;1
INDUMENTARIA;47;2017;1;1
INDUMENTARIA;48;2017;2;1
INDUMENTARIA;50;2017;1;1
INDUMENTARIA;50;2017;2;1
INDUMENTARIA;51;2017;1;1
INDUMENTARIA;55;2017;1;1
INDUMENTARIA;57;2017;1;2
INDUMENTARIA;58;2017;1;1
INDUMENTARIA;59;2017;2;1
INDUMENTARIA;60;2017;1;3
INDUMENTARIA;60;2017;2;1
INDUMENTARIA;62;2017;2;1
INDUMENTARIA;63;2017;1;1
INDUMENTARIA;64;2017;1;1
INDUMENTARIA;66;2017;1;1
INDUMENTARIA;66;2017;2;1
INDUMENTARIA;67;2017;1;1
INDUMENTARIA;67;2017;2;1
INDUMENTARIA;68;2017;1;2
INDUMENTARIA;68;2017;2;1
INDUMENTARIA;69;2017;1;2
INDUMENTARIA;69;2017;2;1
INDUMENTARIA;70;2017;1;1
INDUMENTARIA;70;2017;2;1
INDUMENTARIA;72;2017;1;2
INDUMENTARIA;73;2017;1;1
INDUMENTARIA;73;2017;2;1
INDUMENTARIA;74;2017;1;4
INDUMENTARIA;74;2017;2;1
INDUMENTARIA;77;2017;1;1
INDUMENTARIA;77;2017;2;1
INDUMENTARIA;78;2017;1;1
INDUMENTARIA;78;2017;2;1
INDUMENTARIA;79;2017;1;1
INDUMENTARIA;79;2017;2;1
INDUMENTARIA;80;2017;1;1
INDUMENTARIA;81;2017;1;1
INDUMENTARIA;84;2017;1;1
INDUMENTARIA;85;2017;1;1
INDUMENTARIA;87;2017;1;1
INDUMENTARIA;88;2017;1;1
INDUMENTARIA;88;2017;2;1
INDUMENTARIA;89;2017;1;1
INDUMENTARIA;90;2017;1;1
INDUMENTARIA;91;2017;1;1
INDUMENTARIA;94;2017;1;2
INDUMENTARIA;95;2017;1;2
INDUMENTARIA;95;2017;2;1
INDUMENTARIA;96;2017;1;1
INDUMENTARIA;96;2017;2;1
INDUMENTARIA;97;2017;2;1
INDUMENTARIA;98;2017;1;1
INDUMENTARIA;101;2017;1;1
INDUMENTARIA;101;2017;2;1
INDUMENTARIA;102;2017;1;1
INDUMENTARIA;102;2017;2;1
INDUMENTARIA;103;2017;1;1
INDUMENTARIA;103;2017;2;1
INDUMENTARIA;104;2017;1;1
INDUMENTARIA;104;2017;2;1
INDUMENTARIA;105;2017;1;2
INDUMENTARIA;105;2017;2;1
INDUMENTARIA;106;2017;1;4
INDUMENTARIA;108;2017;1;2
INDUMENTARIA;109;2017;1;1
INDUMENTARIA;110;2017;2;1
INDUMENTARIA;111;2017;1;1
INDUMENTARIA;112;2017;1;1
INDUMENTARIA;113;2017;1;1
INDUMENTARIA;113;2017;2;1
INDUMENTARIA;114;2017;1;1
INDUMENTARIA;115;2017;2;1
INDUMENTARIA;117;2017;1;1
INDUMENTARIA;117;2017;2;1
INDUMENTARIA;118;2017;1;3
INDUMENTARIA;118;2017;2;2
INDUMENTARIA;119;2017;1;1
INDUMENTARIA;120;2017;1;2
INDUMENTARIA;120;2017;2;1
INDUMENTARIA;121;2017;1;1
INDUMENTARIA;124;2017;1;1
INDUMENTARIA;124;2017;2;1
INDUMENTARIA;125;2017;2;1
INDUMENTARIA;126;2017;1;2
INDUMENTARIA;126;2017;2;1
INDUMENTARIA;127;2017;1;1
INDUMENTARIA;127;2017;2;1
INDUMENTARIA;128;2017;1;1
INDUMENTARIA;129;2017;1;1
INDUMENTARIA;130;2017;1;1
INDUMENTARIA;130;2017;2;1
INDUMENTARIA;131;2017;1;1
INDUMENTARIA;131;2017;2;1
INDUMENTARIA;132;2017;1;1
INDUMENTARIA;133;2017;1;1
INDUMENTARIA;134;2017;1;1
INDUMENTARIA;135;2017;1;1
INDUMENTARIA;135;2017;2;1
INDUMENTARIA;137;2017;1;1
INDUMENTARIA;138;2017;2;1
INDUMENTARIA;140;2017;2;1
INDUMENTARIA;141;2017;1;3
INDUMENTARIA;141;2017;2;2
INDUMENTARIA;142;2017;1;1
INDUMENTARIA;143;2017;1;1
INDUMENTARIA;144;2017;1;1
INDUMENTARIA;145;2017;1;1
INDUMENTARIA;145;2017;2;1
INDUMENTARIA;146;2017;1;1
INDUMENTARIA;146;2017;2;1
INDUMENTARIA;147;2017;1;1
INDUMENTARIA;148;2017;1;1
INDUMENTARIA;148;2017;2;1
INDUMENTARIA;149;2017;1;1
INDUMENTARIA;150;2017;1;1
INDUMENTARIA;150;2017;2;1
INDUMENTARIA;151;2017;1;5
INDUMENTARIA;151;2017;2;1
INDUMENTARIA;152;2017;1;4
INDUMENTARIA;152;2017;2;2
INDUMENTARIA;153;2017;1;1
INDUMENTARIA;153;2017;2;1
INDUMENTARIA;154;2017;2;1
INDUMENTARIA;156;2017;1;1
INDUMENTARIA;157;2017;1;1
INDUMENTARIA;158;2017;1;1
INDUMENTARIA;159;2017;1;1
INDUMENTARIA;159;2017;2;1
INDUMENTARIA;160;2017;1;1
INSTITUCIONES DEPORTIVAS;1;2017;2;1
INSTITUCIONES DEPORTIVAS;11;2017;1;1
INSTITUCIONES DEPORTIVAS;12;2017;1;1
INSTITUCIONES DEPORTIVAS;22;2017;1;1
INSTITUCIONES DEPORTIVAS;23;2017;1;1
INSTITUCIONES DEPORTIVAS;30;2017;1;1
INSTITUCIONES DEPORTIVAS;36;2017;1;1
INSTITUCIONES DEPORTIVAS;51;2017;2;1
INSTITUCIONES DEPORTIVAS;67;2017;1;1
INSTITUCIONES DEPORTIVAS;78;2017;1;1
INSTITUCIONES DEPORTIVAS;83;2017;1;1
INSTITUCIONES DEPORTIVAS;84;2017;1;1
INSTITUCIONES DEPORTIVAS;94;2017;1;1
INSTITUCIONES DEPORTIVAS;107;2017;1;1
INSTITUCIONES DEPORTIVAS;112;2017;1;1
INSTITUCIONES DEPORTIVAS;112;2017;2;1
INSTITUCIONES DEPORTIVAS;113;2017;2;1
INSTITUCIONES DEPORTIVAS;117;2017;1;1
INSTITUCIONES DEPORTIVAS;127;2017;1;1
INSTITUCIONES DEPORTIVAS;130;2017;1;1
INSTITUCIONES DEPORTIVAS;133;2017;1;1
INSTITUCIONES DEPORTIVAS;141;2017;1;1
INSTITUCIONES DEPORTIVAS;147;2017;1;1
INSTITUCIONES DEPORTIVAS;154;2017;1;1
INSTITUCIONES DEPORTIVAS;160;2017;1;1
INSTITUCIONES DEPORTIVAS;161;2017;1;1
INSUMOS PARA EL HOGAR;1;2017;1;1
INSUMOS PARA EL HOGAR;26;2017;1;1
INSUMOS PARA EL HOGAR;27;2017;1;1
INSUMOS PARA EL HOGAR;30;2017;1;1
INSUMOS PARA EL HOGAR;32;2017;1;1
INSUMOS PARA EL HOGAR;34;2017;1;1
INSUMOS PARA EL HOGAR;34;2017;2;1
INSUMOS PARA EL HOGAR;39;2017;1;1
INSUMOS PARA EL HOGAR;42;2017;2;1
INSUMOS PARA EL HOGAR;45;2017;1;1
INSUMOS PARA EL HOGAR;48;2017;1;1
INSUMOS PARA EL HOGAR;51;2017;1;1
INSUMOS PARA EL HOGAR;57;2017;1;1
INSUMOS PARA EL HOGAR;59;2017;1;1
INSUMOS PARA EL HOGAR;60;2017;1;1
INSUMOS PARA EL HOGAR;60;2017;2;1
INSUMOS PARA EL HOGAR;66;2017;2;1
INSUMOS PARA EL HOGAR;68;2017;1;1
INSUMOS PARA EL HOGAR;68;2017;2;1
INSUMOS PARA EL HOGAR;70;2017;1;1
INSUMOS PARA EL HOGAR;80;2017;1;1
INSUMOS PARA EL HOGAR;85;2017;1;1
INSUMOS PARA EL HOGAR;85;2017;2;1
INSUMOS PARA EL HOGAR;88;2017;1;1
INSUMOS PARA EL HOGAR;94;2017;1;1
INSUMOS PARA EL HOGAR;101;2017;1;1
INSUMOS PARA EL HOGAR;106;2017;1;1
INSUMOS PARA EL HOGAR;114;2017;1;1
INSUMOS PARA EL HOGAR;116;2017;1;1
INSUMOS PARA EL HOGAR;118;2017;1;1
INSUMOS PARA EL HOGAR;133;2017;1;1
INSUMOS PARA EL HOGAR;135;2017;2;1
INSUMOS PARA EL HOGAR;142;2017;2;1
INSUMOS PARA EL HOGAR;143;2017;1;1
INSUMOS PARA EL HOGAR;151;2017;2;1
INSUMOS PARA EL HOGAR;156;2017;1;1
INSUMOS PARA EL HOGAR;158;2017;1;1
INSUMOS PARA EL HOGAR;160;2017;1;1
KIOSCOS Y LOTERIAS;9;2017;1;1
KIOSCOS Y LOTERIAS;17;2017;1;1
KIOSCOS Y LOTERIAS;18;2017;1;1
KIOSCOS Y LOTERIAS;19;2017;1;1
KIOSCOS Y LOTERIAS;20;2017;2;1
KIOSCOS Y LOTERIAS;21;2017;1;1
KIOSCOS Y LOTERIAS;30;2017;1;1
KIOSCOS Y LOTERIAS;31;2017;1;1
KIOSCOS Y LOTERIAS;35;2017;2;1
KIOSCOS Y LOTERIAS;37;2017;1;1
KIOSCOS Y LOTERIAS;41;2017;1;1
KIOSCOS Y LOTERIAS;45;2017;1;1
KIOSCOS Y LOTERIAS;55;2017;2;1
KIOSCOS Y LOTERIAS;58;2017;1;1
KIOSCOS Y LOTERIAS;58;2017;2;1
KIOSCOS Y LOTERIAS;60;2017;1;1
KIOSCOS Y LOTERIAS;60;2017;2;1
KIOSCOS Y LOTERIAS;61;2017;1;1
KIOSCOS Y LOTERIAS;63;2017;2;1
KIOSCOS Y LOTERIAS;66;2017;1;2
KIOSCOS Y LOTERIAS;67;2017;2;1
KIOSCOS Y LOTERIAS;72;2017;1;1
KIOSCOS Y LOTERIAS;73;2017;1;1
KIOSCOS Y LOTERIAS;77;2017;2;1
KIOSCOS Y LOTERIAS;79;2017;1;1
KIOSCOS Y LOTERIAS;79;2017;2;1
KIOSCOS Y LOTERIAS;82;2017;1;1
KIOSCOS Y LOTERIAS;83;2017;1;1
KIOSCOS Y LOTERIAS;84;2017;1;1
KIOSCOS Y LOTERIAS;87;2017;1;1
KIOSCOS Y LOTERIAS;88;2017;1;2
KIOSCOS Y LOTERIAS;91;2017;1;1
KIOSCOS Y LOTERIAS;93;2017;1;1
KIOSCOS Y LOTERIAS;94;2017;1;1
KIOSCOS Y LOTERIAS;95;2017;1;1
KIOSCOS Y LOTERIAS;96;2017;1;1
KIOSCOS Y LOTERIAS;97;2017;1;1
KIOSCOS Y LOTERIAS;107;2017;1;1
KIOSCOS Y LOTERIAS;110;2017;1;1
KIOSCOS Y LOTERIAS;116;2017;1;1
KIOSCOS Y LOTERIAS;118;2017;1;1
KIOSCOS Y LOTERIAS;118;2017;2;1
KIOSCOS Y LOTERIAS;120;2017;1;1
KIOSCOS Y LOTERIAS;124;2017;1;1
KIOSCOS Y LOTERIAS;126;2017;1;1
KIOSCOS Y LOTERIAS;127;2017;1;1
KIOSCOS Y LOTERIAS;130;2017;1;1
KIOSCOS Y LOTERIAS;136;2017;1;1
KIOSCOS Y LOTERIAS;138;2017;2;1
KIOSCOS Y LOTERIAS;140;2017;1;1
KIOSCOS Y LOTERIAS;141;2017;1;1
KIOSCOS Y LOTERIAS;141;2017;2;1
KIOSCOS Y LOTERIAS;144;2017;1;1
KIOSCOS Y LOTERIAS;146;2017;1;1
KIOSCOS Y LOTERIAS;148;2017;1;1
KIOSCOS Y LOTERIAS;149;2017;1;1
KIOSCOS Y LOTERIAS;150;2017;1;1
KIOSCOS Y LOTERIAS;158;2017;1;1
KIOSCOS Y LOTERIAS;159;2017;2;1
MUSICA Y LIBRERIA;1;2017;1;1
MUSICA Y LIBRERIA;11;2017;1;1
MUSICA Y LIBRERIA;15;2017;1;1
MUSICA Y LIBRERIA;23;2017;1;1
MUSICA Y LIBRERIA;26;2017;2;1
MUSICA Y LIBRERIA;27;2017;1;1
MUSICA Y LIBRERIA;28;2017;1;1
MUSICA Y LIBRERIA;31;2017;1;1
MUSICA Y LIBRERIA;34;2017;1;1
MUSICA Y LIBRERIA;34;2017;2;1
MUSICA Y LIBRERIA;41;2017;1;1
MUSICA Y LIBRERIA;46;2017;1;1
MUSICA Y LIBRERIA;48;2017;1;1
MUSICA Y LIBRERIA;51;2017;2;1
MUSICA Y LIBRERIA;52;2017;1;1
MUSICA Y LIBRERIA;52;2017;2;1
MUSICA Y LIBRERIA;58;2017;2;1
MUSICA Y LIBRERIA;59;2017;2;1
MUSICA Y LIBRERIA;60;2017;1;1
MUSICA Y LIBRERIA;60;2017;2;1
MUSICA Y LIBRERIA;61;2017;1;1
MUSICA Y LIBRERIA;67;2017;1;1
MUSICA Y LIBRERIA;68;2017;1;1
MUSICA Y LIBRERIA;68;2017;2;1
MUSICA Y LIBRERIA;70;2017;1;1
MUSICA Y LIBRERIA;72;2017;2;1
MUSICA Y LIBRERIA;73;2017;2;1
MUSICA Y LIBRERIA;75;2017;2;1
MUSICA Y LIBRERIA;77;2017;1;1
MUSICA Y LIBRERIA;77;2017;2;1
MUSICA Y LIBRERIA;78;2017;1;1
MUSICA Y LIBRERIA;79;2017;2;1
MUSICA Y LIBRERIA;82;2017;1;1
MUSICA Y LIBRERIA;84;2017;1;1
MUSICA Y LIBRERIA;85;2017;2;1
MUSICA Y LIBRERIA;87;2017;1;1
MUSICA Y LIBRERIA;96;2017;1;1
MUSICA Y LIBRERIA;102;2017;1;1
MUSICA Y LIBRERIA;103;2017;1;1
MUSICA Y LIBRERIA;106;2017;1;2
MUSICA Y LIBRERIA;107;2017;1;1
MUSICA Y LIBRERIA;107;2017;2;1
MUSICA Y LIBRERIA;108;2017;1;1
MUSICA Y LIBRERIA;109;2017;2;1
MUSICA Y LIBRERIA;111;2017;1;1
MUSICA Y LIBRERIA;116;2017;1;1
MUSICA Y LIBRERIA;117;2017;1;1
MUSICA Y LIBRERIA;118;2017;1;1
MUSICA Y LIBRERIA;122;2017;1;1
MUSICA Y LIBRERIA;125;2017;1;1
MUSICA Y LIBRERIA;126;2017;1;1
MUSICA Y LIBRERIA;128;2017;1;1
MUSICA Y LIBRERIA;129;2017;1;1
MUSICA Y LIBRERIA;131;2017;2;1
MUSICA Y LIBRERIA;136;2017;1;1
MUSICA Y LIBRERIA;137;2017;1;1
MUSICA Y LIBRERIA;139;2017;2;1
MUSICA Y LIBRERIA;141;2017;1;1
MUSICA Y LIBRERIA;142;2017;1;1
MUSICA Y LIBRERIA;146;2017;1;1
MUSICA Y LIBRERIA;149;2017;2;1
MUSICA Y LIBRERIA;151;2017;1;1
MUSICA Y LIBRERIA;154;2017;1;1
MUSICA Y LIBRERIA;155;2017;1;1
MUSICA Y LIBRERIA;158;2017;1;1
MUSICA Y LIBRERIA;159;2017;1;1
OPTICA Y JOYERIAS;4;2017;1;1
OPTICA Y JOYERIAS;7;2017;1;1
OPTICA Y JOYERIAS;10;2017;1;1
OPTICA Y JOYERIAS;20;2017;2;1
OPTICA Y JOYERIAS;22;2017;1;1
OPTICA Y JOYERIAS;22;2017;2;1
OPTICA Y JOYERIAS;26;2017;1;1
OPTICA Y JOYERIAS;27;2017;1;1
OPTICA Y JOYERIAS;28;2017;1;1
OPTICA Y JOYERIAS;28;2017;2;1
OPTICA Y JOYERIAS;31;2017;1;1
OPTICA Y JOYERIAS;32;2017;1;1
OPTICA Y JOYERIAS;34;2017;1;1
OPTICA Y JOYERIAS;37;2017;1;1
OPTICA Y JOYERIAS;38;2017;1;1
OPTICA Y JOYERIAS;48;2017;2;1
OPTICA Y JOYERIAS;51;2017;1;1
OPTICA Y JOYERIAS;51;2017;2;1
OPTICA Y JOYERIAS;55;2017;1;1
OPTICA Y JOYERIAS;55;2017;2;1
OPTICA Y JOYERIAS;56;2017;1;1
OPTICA Y JOYERIAS;58;2017;1;1
OPTICA Y JOYERIAS;59;2017;1;1
OPTICA Y JOYERIAS;60;2017;1;2
OPTICA Y JOYERIAS;61;2017;1;1
OPTICA Y JOYERIAS;66;2017;1;1
OPTICA Y JOYERIAS;67;2017;1;1
OPTICA Y JOYERIAS;69;2017;1;1
OPTICA Y JOYERIAS;72;2017;1;1
OPTICA Y JOYERIAS;76;2017;1;1
OPTICA Y JOYERIAS;77;2017;1;1
OPTICA Y JOYERIAS;79;2017;1;1
OPTICA Y JOYERIAS;80;2017;1;1
OPTICA Y JOYERIAS;82;2017;1;1
OPTICA Y JOYERIAS;84;2017;2;1
OPTICA Y JOYERIAS;85;2017;1;1
OPTICA Y JOYERIAS;87;2017;1;1
OPTICA Y JOYERIAS;88;2017;1;1
OPTICA Y JOYERIAS;88;2017;2;1
OPTICA Y JOYERIAS;89;2017;1;1
OPTICA Y JOYERIAS;94;2017;1;2
OPTICA Y JOYERIAS;95;2017;1;1
OPTICA Y JOYERIAS;96;2017;1;1
OPTICA Y JOYERIAS;104;2017;2;1
OPTICA Y JOYERIAS;106;2017;1;1
OPTICA Y JOYERIAS;106;2017;2;1
OPTICA Y JOYERIAS;111;2017;1;1
OPTICA Y JOYERIAS;112;2017;1;1
OPTICA Y JOYERIAS;115;2017;2;1
OPTICA Y JOYERIAS;116;2017;2;1
OPTICA Y JOYERIAS;118;2017;1;1
OPTICA Y JOYERIAS;124;2017;1;1
OPTICA Y JOYERIAS;126;2017;1;1
OPTICA Y JOYERIAS;126;2017;2;1
OPTICA Y JOYERIAS;127;2017;1;1
OPTICA Y JOYERIAS;130;2017;1;1
OPTICA Y JOYERIAS;137;2017;1;1
OPTICA Y JOYERIAS;138;2017;1;1
OPTICA Y JOYERIAS;140;2017;1;1
OPTICA Y JOYERIAS;141;2017;1;1
OPTICA Y JOYERIAS;141;2017;2;1
OPTICA Y JOYERIAS;144;2017;1;1
OPTICA Y JOYERIAS;145;2017;1;1
OPTICA Y JOYERIAS;146;2017;1;1
OPTICA Y JOYERIAS;147;2017;1;1
OPTICA Y JOYERIAS;148;2017;1;1
OPTICA Y JOYERIAS;150;2017;1;1
OPTICA Y JOYERIAS;151;2017;1;1
OPTICA Y JOYERIAS;157;2017;1;1
OPTICA Y JOYERIAS;158;2017;1;1
OPTICA Y JOYERIAS;159;2017;1;1
OPTICA Y JOYERIAS;160;2017;1;1
PANADERIAS;16;2017;1;1
PANADERIAS;17;2017;1;1
PANADERIAS;22;2017;1;1
PANADERIAS;27;2017;2;1
PANADERIAS;33;2017;1;1
PANADERIAS;42;2017;1;1
PANADERIAS;43;2017;1;1
PANADERIAS;60;2017;1;1
PANADERIAS;76;2017;1;1
PANADERIAS;82;2017;1;1
PANADERIAS;90;2017;1;1
PANADERIAS;94;2017;1;1
PANADERIAS;95;2017;1;1
PANADERIAS;106;2017;1;1
PANADERIAS;111;2017;1;1
PANADERIAS;112;2017;1;1
PANADERIAS;126;2017;2;1
PANADERIAS;129;2017;1;1
PANADERIAS;131;2017;1;1
PANADERIAS;140;2017;1;1
PANADERIAS;146;2017;1;1
RESTAURANTES;22;2017;1;1
RESTAURANTES;51;2017;1;1
RESTAURANTES;51;2017;2;1
RESTAURANTES;60;2017;1;1
RESTAURANTES;66;2017;1;1
RESTAURANTES;77;2017;1;1
RESTAURANTES;77;2017;2;1
RESTAURANTES;79;2017;1;1
RESTAURANTES;82;2017;1;1
RESTAURANTES;89;2017;1;1
RESTAURANTES;94;2017;2;1
RESTAURANTES;95;2017;2;1
RESTAURANTES;105;2017;1;2
RESTAURANTES;115;2017;1;1
RESTAURANTES;117;2017;2;1
RESTAURANTES;118;2017;2;1
RESTAURANTES;131;2017;1;1
RESTAURANTES;139;2017;1;1
RESTAURANTES;140;2017;2;1
RESTAURANTES;141;2017;1;1
RESTAURANTES;141;2017;2;1
RESTAURANTES;150;2017;1;1
RESTAURANTES;151;2017;1;1
RESTAURANTES;157;2017;1;1
RESTAURANTES;157;2017;2;1
RESTAURANTES;159;2017;1;1
SALUD Y COSMETICA;6;2017;1;1
SALUD Y COSMETICA;7;2017;1;1
SALUD Y COSMETICA;11;2017;1;1
SALUD Y COSMETICA;16;2017;1;1
SALUD Y COSMETICA;17;2017;1;1
SALUD Y COSMETICA;19;2017;1;1
SALUD Y COSMETICA;20;2017;1;1
SALUD Y COSMETICA;21;2017;2;1
SALUD Y COSMETICA;22;2017;2;1
SALUD Y COSMETICA;23;2017;1;1
SALUD Y COSMETICA;24;2017;1;1
SALUD Y COSMETICA;24;2017;2;1
SALUD Y COSMETICA;26;2017;1;1
SALUD Y COSMETICA;27;2017;1;1
SALUD Y COSMETICA;30;2017;1;2
SALUD Y COSMETICA;32;2017;1;1
SALUD Y COSMETICA;34;2017;1;1
SALUD Y COSMETICA;35;2017;1;1
SALUD Y COSMETICA;35;2017;2;1
SALUD Y COSMETICA;39;2017;1;1
SALUD Y COSMETICA;39;2017;2;1
SALUD Y COSMETICA;40;2017;1;1
SALUD Y COSMETICA;48;2017;1;1
SALUD Y COSMETICA;50;2017;2;1
SALUD Y COSMETICA;51;2017;1;1
SALUD Y COSMETICA;53;2017;1;1
SALUD Y COSMETICA;54;2017;1;1
SALUD Y COSMETICA;55;2017;1;1
SALUD Y COSMETICA;56;2017;1;1
SALUD Y COSMETICA;58;2017;1;1
SALUD Y COSMETICA;58;2017;2;1
SALUD Y COSMETICA;59;2017;1;1
SALUD Y COSMETICA;59;2017;2;1
SALUD Y COSMETICA;60;2017;1;1
SALUD Y COSMETICA;60;2017;2;1
SALUD Y COSMETICA;61;2017;1;1
SALUD Y COSMETICA;61;2017;2;1
SALUD Y COSMETICA;62;2017;2;1
SALUD Y COSMETICA;66;2017;1;1
SALUD Y COSMETICA;67;2017;1;1
SALUD Y COSMETICA;69;2017;1;1
SALUD Y COSMETICA;71;2017;1;1
SALUD Y COSMETICA;72;2017;1;1
SALUD Y COSMETICA;73;2017;1;1
SALUD Y COSMETICA;74;2017;1;1
SALUD Y COSMETICA;74;2017;2;1
SALUD Y COSMETICA;75;2017;1;1
SALUD Y COSMETICA;77;2017;1;1
SALUD Y COSMETICA;78;2017;2;1
SALUD Y COSMETICA;79;2017;1;1
SALUD Y COSMETICA;79;2017;2;1
SALUD Y COSMETICA;80;2017;1;1
SALUD Y COSMETICA;83;2017;1;1
SALUD Y COSMETICA;85;2017;1;1
SALUD Y COSMETICA;87;2017;1;1
SALUD Y COSMETICA;87;2017;2;1
SALUD Y COSMETICA;88;2017;1;1
SALUD Y COSMETICA;89;2017;1;1
SALUD Y COSMETICA;90;2017;2;1
SALUD Y COSMETICA;92;2017;1;1
SALUD Y COSMETICA;94;2017;1;1
SALUD Y COSMETICA;95;2017;1;2
SALUD Y COSMETICA;96;2017;1;1
SALUD Y COSMETICA;96;2017;2;1
SALUD Y COSMETICA;97;2017;1;1
SALUD Y COSMETICA;98;2017;1;1
SALUD Y COSMETICA;98;2017;2;1
SALUD Y COSMETICA;101;2017;1;2
SALUD Y COSMETICA;102;2017;1;1
SALUD Y COSMETICA;102;2017;2;1
SALUD Y COSMETICA;103;2017;1;1
SALUD Y COSMETICA;106;2017;1;1
SALUD Y COSMETICA;106;2017;2;1
SALUD Y COSMETICA;110;2017;1;1
SALUD Y COSMETICA;112;2017;1;2
SALUD Y COSMETICA;116;2017;1;1
SALUD Y COSMETICA;116;2017;2;1
SALUD Y COSMETICA;117;2017;1;2
SALUD Y COSMETICA;119;2017;1;1
SALUD Y COSMETICA;125;2017;1;1
SALUD Y COSMETICA;127;2017;1;1
SALUD Y COSMETICA;129;2017;1;1
SALUD Y COSMETICA;130;2017;1;1
SALUD Y COSMETICA;131;2017;1;1
SALUD Y COSMETICA;132;2017;1;1
SALUD Y COSMETICA;134;2017;1;1
SALUD Y COSMETICA;135;2017;1;1
SALUD Y COSMETICA;137;2017;1;1
SALUD Y COSMETICA;137;2017;2;1
SALUD Y COSMETICA;138;2017;1;1
SALUD Y COSMETICA;141;2017;1;2
SALUD Y COSMETICA;141;2017;2;1
SALUD Y COSMETICA;142;2017;1;1
SALUD Y COSMETICA;142;2017;2;1
SALUD Y COSMETICA;143;2017;1;1
SALUD Y COSMETICA;143;2017;2;1
SALUD Y COSMETICA;144;2017;1;1
SALUD Y COSMETICA;146;2017;2;1
SALUD Y COSMETICA;149;2017;1;1
SALUD Y COSMETICA;150;2017;1;1
SALUD Y COSMETICA;152;2017;1;1
SALUD Y COSMETICA;159;2017;1;1
SALUD Y COSMETICA;160;2017;1;2
SALUD Y COSMETICA;160;2017;2;1
SALUD Y COSMETICA;161;2017;1;1
SALUD Y COSMETICA;161;2017;2;1
SUPERMERCADOS Y ALMACENES;4;2017;1;1
SUPERMERCADOS Y ALMACENES;11;2017;1;1
SUPERMERCADOS Y ALMACENES;16;2017;2;1
SUPERMERCADOS Y ALMACENES;17;2017;2;1
SUPERMERCADOS Y ALMACENES;20;2017;1;1
SUPERMERCADOS Y ALMACENES;21;2017;1;1
SUPERMERCADOS Y ALMACENES;22;2017;2;1
SUPERMERCADOS Y ALMACENES;23;2017;1;1
SUPERMERCADOS Y ALMACENES;24;2017;1;1
SUPERMERCADOS Y ALMACENES;24;2017;2;1
SUPERMERCADOS Y ALMACENES;25;2017;1;1
SUPERMERCADOS Y ALMACENES;26;2017;1;1
SUPERMERCADOS Y ALMACENES;27;2017;1;1
SUPERMERCADOS Y ALMACENES;31;2017;1;1
SUPERMERCADOS Y ALMACENES;32;2017;1;1
SUPERMERCADOS Y ALMACENES;34;2017;1;1
SUPERMERCADOS Y ALMACENES;35;2017;1;1
SUPERMERCADOS Y ALMACENES;37;2017;1;1
SUPERMERCADOS Y ALMACENES;38;2017;2;1
SUPERMERCADOS Y ALMACENES;40;2017;1;1
SUPERMERCADOS Y ALMACENES;45;2017;2;1
SUPERMERCADOS Y ALMACENES;51;2017;1;1
SUPERMERCADOS Y ALMACENES;51;2017;2;1
SUPERMERCADOS Y ALMACENES;55;2017;1;1
SUPERMERCADOS Y ALMACENES;55;2017;2;1
SUPERMERCADOS Y ALMACENES;56;2017;2;1
SUPERMERCADOS Y ALMACENES;59;2017;1;1
SUPERMERCADOS Y ALMACENES;60;2017;1;2
SUPERMERCADOS Y ALMACENES;61;2017;2;1
SUPERMERCADOS Y ALMACENES;62;2017;1;1
SUPERMERCADOS Y ALMACENES;63;2017;2;1
SUPERMERCADOS Y ALMACENES;66;2017;2;1
SUPERMERCADOS Y ALMACENES;67;2017;1;1
SUPERMERCADOS Y ALMACENES;69;2017;1;1
SUPERMERCADOS Y ALMACENES;71;2017;2;1
SUPERMERCADOS Y ALMACENES;72;2017;1;1
SUPERMERCADOS Y ALMACENES;72;2017;2;1
SUPERMERCADOS Y ALMACENES;73;2017;1;1
SUPERMERCADOS Y ALMACENES;80;2017;1;1
SUPERMERCADOS Y ALMACENES;82;2017;1;1
SUPERMERCADOS Y ALMACENES;82;2017;2;1
SUPERMERCADOS Y ALMACENES;83;2017;1;1
SUPERMERCADOS Y ALMACENES;83;2017;2;1
SUPERMERCADOS Y ALMACENES;86;2017;1;1
SUPERMERCADOS Y ALMACENES;88;2017;1;1
SUPERMERCADOS Y ALMACENES;89;2017;1;1
SUPERMERCADOS Y ALMACENES;90;2017;2;1
SUPERMERCADOS Y ALMACENES;91;2017;1;1
SUPERMERCADOS Y ALMACENES;92;2017;1;1
SUPERMERCADOS Y ALMACENES;92;2017;2;1
SUPERMERCADOS Y ALMACENES;94;2017;1;1
SUPERMERCADOS Y ALMACENES;95;2017;1;1
SUPERMERCADOS Y ALMACENES;96;2017;1;1
SUPERMERCADOS Y ALMACENES;98;2017;1;1
SUPERMERCADOS Y ALMACENES;100;2017;1;1
SUPERMERCADOS Y ALMACENES;101;2017;1;1
SUPERMERCADOS Y ALMACENES;102;2017;1;1
SUPERMERCADOS Y ALMACENES;105;2017;1;1
SUPERMERCADOS Y ALMACENES;113;2017;1;1
SUPERMERCADOS Y ALMACENES;114;2017;1;1
SUPERMERCADOS Y ALMACENES;115;2017;1;1
SUPERMERCADOS Y ALMACENES;117;2017;1;1
SUPERMERCADOS Y ALMACENES;118;2017;1;1
SUPERMERCADOS Y ALMACENES;119;2017;1;1
SUPERMERCADOS Y ALMACENES;122;2017;2;1
SUPERMERCADOS Y ALMACENES;124;2017;1;1
SUPERMERCADOS Y ALMACENES;125;2017;1;1
SUPERMERCADOS Y ALMACENES;126;2017;1;1
SUPERMERCADOS Y ALMACENES;129;2017;1;1
SUPERMERCADOS Y ALMACENES;134;2017;2;1
SUPERMERCADOS Y ALMACENES;137;2017;1;1
SUPERMERCADOS Y ALMACENES;139;2017;2;1
SUPERMERCADOS Y ALMACENES;140;2017;1;1
SUPERMERCADOS Y ALMACENES;140;2017;2;1
SUPERMERCADOS Y ALMACENES;142;2017;2;1
SUPERMERCADOS Y ALMACENES;143;2017;1;1
SUPERMERCADOS Y ALMACENES;144;2017;2;1
SUPERMERCADOS Y ALMACENES;146;2017;1;1
SUPERMERCADOS Y ALMACENES;146;2017;2;1
SUPERMERCADOS Y ALMACENES;149;2017;1;1
SUPERMERCADOS Y ALMACENES;150;2017;1;1
SUPERMERCADOS Y ALMACENES;151;2017;2;1
SUPERMERCADOS Y ALMACENES;154;2017;1;1
SUPERMERCADOS Y ALMACENES;155;2017;1;1
SUPERMERCADOS Y ALMACENES;156;2017;1;1
TRATAMIENTOS ESTETICOS;33;2017;2;1
TRATAMIENTOS ESTETICOS;53;2017;1;1
TRATAMIENTOS ESTETICOS;66;2017;1;1
TRATAMIENTOS ESTETICOS;67;2017;1;1
TRATAMIENTOS ESTETICOS;78;2017;1;1
TRATAMIENTOS ESTETICOS;87;2017;1;1
TRATAMIENTOS ESTETICOS;89;2017;1;1
TRATAMIENTOS ESTETICOS;90;2017;1;1
TRATAMIENTOS ESTETICOS;94;2017;1;1
TRATAMIENTOS ESTETICOS;94;2017;2;1
TRATAMIENTOS ESTETICOS;96;2017;1;1
TRATAMIENTOS ESTETICOS;97;2017;1;1
TRATAMIENTOS ESTETICOS;99;2017;1;1
TRATAMIENTOS ESTETICOS;105;2017;2;1
TRATAMIENTOS ESTETICOS;108;2017;2;1
TRATAMIENTOS ESTETICOS;114;2017;1;1
TRATAMIENTOS ESTETICOS;118;2017;1;1
TRATAMIENTOS ESTETICOS;133;2017;2;1
TRATAMIENTOS ESTETICOS;137;2017;1;1
TRATAMIENTOS ESTETICOS;141;2017;1;1
TRATAMIENTOS ESTETICOS;142;2017;1;1
TRATAMIENTOS ESTETICOS;146;2017;1;1
TRATAMIENTOS ESTETICOS;149;2017;1;1
TRATAMIENTOS ESTETICOS;159;2017;1;1
TRATAMIENTOS ESTETICOS;160;2017;1;1
VETERINARIA;31;2017;1;1
VETERINARIA;45;2017;1;1
VETERINARIA;54;2017;1;1
VETERINARIA;66;2017;2;1
VETERINARIA;67;2017;2;1
VETERINARIA;92;2017;2;1
VETERINARIA;95;2017;2;1
VETERINARIA;117;2017;1;1
VETERINARIA;161;2017;1;1
